Italian word,English translation
e,at / and / e.
non,not / (do) not / n't
che,that / what a / than
di,with / made of / for
la,her / the / you
il,the / a
un,a / an / one
a,away / for / per
per,for / per / times
è,is / he’s / it's
in,at / to the / to
una,one / an / a
mi,myself / about me / me
sono,is / am / it's
ho,hold / I'm / i've
l',her / the / him
si,themselves / himself / herself
ha,is / hold / offers
ma,but / though / only
lo,the / him / it
cosa,what
con,with / to / featuring
no,no / not / haven't
le,her / you / to her
ti,it'll / do I / do
se,if / whether
da,starting / return / offers
i,the / his
come,as
io,I
ci,one another / about it / it'll
hai,you have / did you / you're
questo,this one / this / that
bene,well
qui,here
sei,are you / you're / six
del,week's / city's / country's
tu,you
solo,only
mio,mine / my / dad's
al,with the / to the / with
me,me / to me / myself
tutto,everything
c',there / us (elided)
te,to your place / in your house / to your house
era,age / were / felt
della,week's / of the / earth's
mia,mine / my / mia
fatto,made / done / fact
fare,do
essere,to be / would've / being
so,know / knew / I know how to
quando,when
sì,yes
ora,now
lei,she / her / do you
gli,he / him / with him
ne,of it / some / from there
oh,oh
questa,this one / this / that
detto,said / known as / (I) dictate
ok,ok / okay
va,must be / fit / does he go
perche,because / why
quello,that / one's / that one
mai,never
alla,al / to the / of the
o,or
anche,even / also / too
stato,country's / fitted / stayed
abbiamo,hold / do we have / ve
tutti,all / everybody / everyone
dei,gods / any / of the
grazie,thank you
chi,who
sta,is / stays
molto,very
più,most / plus / more
voglio,want / I take / I want
perché,because
tuo,your / yours
beh,well
sia,be (subjunctive)
nel,in / in the / many-sided
lui,he
allora,so
posso,I can / I may / I am able to
piu,more / most
ehi,hey
prima,before
tua,your / yours / 's
suo,his own / his / her
niente,any / no / nothingness
qualcosa,something
sai,know / you know / do you know how
siamo,did we / feel / we've
un',an / a / each
cosi,so / like this
davvero,really / truly / indeed
ancora,still
hanno,hold / they're / they have
stai,you are / you stay
fa,is / hold / makes
sua,her / his / hers
così,so
casa,home / place / house
uno,an / a / someone
dove,where
su,fits / on to / on top of
vero,right
vuoi,you want / do you want / want
noi,we
due,two
quindi,then / so / therefore
dire,said / to say / tell
d',of / 's / in
delle,a few / of the / than
quella,that / that one / those
sempre,always
altro,other / far / else
sto,I am / I stay
andare,let's / fell / passed
ad,to / at (before vowel)
po,The river Po
loro,they
devo,I have to / I need to / I must
quel,that / that one / what
forse,maybe
li,them / li
proprio,exact / proper / peculiar
certo,of course
tempo,time
nella,inside / in the / into
poi,then
vi,for you / you / yourselves
credo,I believe / I think
vita,alive / life / waistline
cose,things
sul,on to / on top of / upwards
quanto,however much / as much as / how long
puoi,can / you can / you are able to
fuori,outside
anni,years
cui,which / whom / whose
andiamo,let's / we're going / we go
dell',with / of the / kind
parte,leave / departs / fit
visto,saw / watched / visa
qualcuno,someone else / any / a few
all',in the / to / at the
lavoro,labour / work / d'oeuvre
voi,you
ciao,hello
dio,god
volta,time / turns / times
dopo,next / then / later
adesso,now
stata,been (f.)
uomo,man
padre,father / dad / dad's
devi,you have to / have to / need to
bisogno,need
gia,already
amico,friend / friends / partner
ed,and / e.
posto,site / assuming that / given that
nessuno,no one
via,starting signal / highway / away
cos',apocopic form of cosa what
fai,you have / makes / made
signore,sir / ladies / gentleman
meglio,better
cazzo,fuck! / shit! / good grief
dai,you give / come on
dal,to / from the / at
vuole,wants / she wants / he wants
sembra,to seem; to look ; to appear / to sound / taste or feel
giorno,day / daylight
ogni,every
modo,mood / mode / manner
senza,without / except / out of
vedere,try / saw / viewed
dobbiamo,we need to / we have to / we must
signor,Mr
qualche,a few / some / any
dispiace,disappointment / grief / regret / sorrow
penso,I think
ecco,that's / here are / here’s
parlare,to mention / let's / speak
tra,among / between / in
mamma,mom / mum / mama
già,already
sarebbe,would be
dalla,like / with the / through
troppo,too
fosse,was/were (subj.)
possiamo,can we / we are able to / we can
ce,there / us
nuovo,new / fresh / recent
male,bad
madre,mother / mom's
avete,you have / you own / you've
tanto,a lot of
favore,favour
successo,success / hit / happened
vai,go / you go / you are going
sulla,on / about / come on
giusto,legitimate / righteous person / even
sa,know / you know / you hear
miei,mine / folks / my
aspetta,to wait for / await / wait
avere,hold / offers / offered
altra,other (f.)
farlo,to do / to make
alle,al / to the / for
facendo,playing / having (a meal) / acting as
abbia,have (subj.)
momento,moment / time / since
ero,(I) was being / felt / (I) was
aveva,had
ragazzi,guys
deve,he has to / owes / he must
persone,people
nostro,our / ours / us's
tipo,like / kind / average
prego,you're welcome
grande,wide / large / safest
può,can / she is able to / you can
senti,you hear / listen
appena,only / the moment / as soon as
potrebbe,it could / she would be able to / he would be able to
soldi,money
dice,says
sapere,know / hear / knew
tre,three
oggi,today
questi,these / these ones / this
piace,like / likes / does like
idea,idea / vision / thought
siete,did you / are you / you're
ai,to the / at / on
avevo,I had
figlio,child / son / boy
accordo,accord / agreement / arrangement / chord
gente,people
sicuro,secure / for sure / for certain
vieni,you are coming / you come / come
degli,of the / the / about the
guarda,look
dentro,inside / into / in
trovato,found
queste,this one / this / these
caso,case / circumstance / matter / affair / chance / coincidence / accident
forza,force / strength
dov',apocopic form of dove
tutte,all / all of / any
pensi,you think
signora,madam / ma'am / woman
faccio,hold / made / I study
nome,noun / name / names
avuto,had (past part.)
problema,matter / question / trouble
altri,others / other / different
puo,can
aver,to have (apocopated)
mondo,world / hulled barley / I purify
tutta,all / any / totally
preso,took / caught / involved
nulla,nothing
nostra,our / ours / us's
donna,woman / skirts
stare,fits / stay / let's
basta,enough
insieme,together
faccia,get a fix / make / make oneself
ragazza,girlfriend / child / girlfriends
subito,immediately
famiglia,family / stock
ragazzo,kid / teenager's / child
volevo,I wanted
okay,okay
sentito,heard / felt
ah,ah / oh
stesso,same
ragione,reason / right
sarà,it'll be / it'd / won't be
tuoi,yours / folks
capito,to come / to get to / to chance / to end up / to happen
notte,night / nights / evenings
volte,times
testa,mind / head / tests
serve,to need / to plate / to serve
tesoro,term of endearment / treasure / valuable things / treasure
sotto,under / lower / to bring
eh,eh / huh
suoi,her / hers / yours
vado,I leave / I run fast / I go back
sara,Sarah / female given name
dato,given / fact
stiamo,we are / we stay
bella,beautiful (f.)
scusa,sorry
erano,they were / were / felt
pensavo,I thought
avrei,I would have
prendere,caught / go into / to hit
buona,good (f.)
porta,it wears / goal / it carries
bello,better / best / good-looking
moglie,wife's / wife / spouse's
vorrei,I would want / want / liked
storia,history
succede,to happen / to succeed
morto,dead / died
cercando,to look for / to try
dici,you say
persona,person / people
pronto,ready-made / hello / quick
meno,less
dovuto,had to
avanti,ahead / from then on(wards) / from here on(wards)
capisco,I understand / seen / understand
secondo,depending on / in compliance with / second course
venire,to come / come / came
polizia,police
lì,there
avrebbe,would have
stanno,they are / they stay
mentre,whereas / while / at that very moment
letto,read / bed
fino,thin / fine / till / until / as far as
dico,said / I say / I am saying
amici,friends (m.)
fine,thin / quality / finish
aiuto,assistant / I help / assistance
paura,fear / fright
fratello,brother
stavo,I was
uomini,men
nell',in the / into the / on the whole
domani,tomorrow
facciamo,we act as / hold / let's
abbastanza,rather
capo,cape / forewoman / directors
amore,love / love affairs / darling
nei,inside / ins / in the
ucciso,killed (p.p. of uccidere)
state,you (pl.) are / stay
piano,slow / quietly / level
macchina,car / machine / automobile
trovare,to be / to find / work
comunque,anyway
vediamo,we see / let's see
giorni,days
nemmeno,not even
mano,hand / out of the way / off the beaten track
dall',from the
presto,early
stati,been (m. pl.)
merda,shit / crap
far,apocopic form of fare
bambino,infant / child / childish
andato,gone
vedo,I see
tornare,get back / (to) go back / (to) come back
quelle,those / the ones / what
cio,that / this
primo,first / first course / prime
vostro,your / yours
neanche,either
sera,even / night / nights
giro,circulation / detour / rounds
morte,death
e',is
qua,here
pensato,thought
buon,good
anno,years / year / year’s
mie,my / mine
diavolo,devil
quasi,almost
piacere,nice to meet you
bel,"beautiful (m., apocopated)"
dovrei,(I) would ought to / (I) would have to / should
nessun,no
contro,against
stessa,same (f.)
felice,happy / happier / Felice
colpa,blame / fault / guilt
punto,at all / pricked oneself / (I) brace
andata,gone (f.) / journey
dovrebbe,(he/she/it/you) would have to / (he/she/it) should / should
vedi,you see
quale,which
chiesto,to ask / to request
invece,instead
perchè,Common misspelling of perché / Common misspelling of perché
migliore,superior / better / preferable
nostri,our / folks / ours
finito,finished / finite
figlia,child / girl / daughter
dovresti,ought / you should / should
papa,Pope
almeno,at least
sento,I hear / I feel
quei,that / those / what
col,with the (m.)
ore,hours
passato,past
magari,maybe / I wish
minuti,minutes
terra,earth / ground / floor
vostra,your / yours
strada,path / road / route
sola,the only one / the only woman
credi,you believe
importante,elegant / major / great
sue,his / your / her
salve,hello
settimana,week / week’s wages
perso,lost / missed
uscire,walks / appear / got
parlato,spoken
papà,dad / daddy / dad's
stasera,tonight
scusi,excuse me
dollari,dollar
occhi,eyes
mani,hands
ultima,last (f.)
possibile,doable / possible / attainable
scuola,school
significa,to mean / to signify
sapevo,I knew
nelle,inside / in the / into
potrei,I would be allowed to / I would be able to / could
stava,was
bambini,children / boys / kids
eri,(you) used to be / (you) were being / felt
importa,to be important / to matter / to import / heed
indietro,back / behind / backwards
riesco,to be able to / to manage to / to be / to prove / to find
sangue,blood
chiama,calls
messo,put / put in / put on
piccolo,little / young / minor
traduzione,rendering / translation / transfer
tardi,late
cuore,heart / center / centre
marito,husband / husbands / spouse's
viene,you work out / it turns out / is
venuto,come (p.p. of venire)
ieri,yesterday
spero,to hope
ricordi,memories
quelli,that one / those / ones
dovremmo,(we) should / we'd
lasciato,left
ascolta,to listen
difficile,tough / unlikely / tense
quell',that / that one / those
auto,car
chiamato,called
ciò,that / this
altre,more / others / other
parlando,speaking
pensare,thought / (to) to believe / thinks
fantastico,fantastic
fatta,done (f.)
numero,number / shoe size / turns
veramente,really
fanno,hold / made / it's
com',apocopic form of come / apocopic form of come
serio,serious / worse / earnest
possa,can (subj.)
fossi,I/you were (subj.)
entrare,have to do with / let's / walks
anch',apocopic form of anche
qualsiasi,any / every / each / ordinary / common
pensa,thinks
dicendo,saying
acqua,water
portato,prone / inclined / that has a bent / result / outcome
stanza,room / rooms'
problemi,problems
forte,strongest / hot / brutal
nessuna,any / no / no one
lascia,leaves / let
amo,I love
roba,stuff
agente,agent / representative
dietro,behind / after / in the back
corpo,body / substance / object
pare,estimate / judgment / opinion / view / comment / to look / seem / appear
sentire,caught / hear / to feel like
foto,photos / photographs / picture
telefono,phone's / phones / telephone
voleva,wanted
poco,little / a little of / a bit of
prendi,you take
piccola,small (f.)
vicino,neighbour / next / near
quest',this
sacco,sac / lot / lots / piles / loads / ton / sack / bag
stia,birdcage / hutch / coop
capire,makes / work / comprehend
potuto,been able
cinque,five
strano,peculiar / weird / strange
tue,yours
andando,going
donne,women
sappiamo,know / knew / we are able to
bravo,skillful / kind / better
ragazze,girls
festa,done / festivity / don't
senso,direction / consciousness / meaning
genere,genre / gender / kind
quattro,four
dare,hold / offers / offered
attimo,bit / moment / instant / second
sorella,sister / sister's
pure,also / too / even if
probabilmente,probably
film,film
parla,speaks
ufficio,bureau / secretariat's / section
verso,direction / (I) spill / (I) flow
mesi,month
farti,to do / to make
unica,only person / only one / only thing
morire,to die
signorina,Miss
vecchio,ancient / stale / as old
domanda,asks for / try / you ask for
ben,well (variant of bene)
guerra,war / warfare / battle
dottore,graduate / doctor / a doctor
conosco,to know [a person or place] / experience / to recognise
qual,which
vivere,to go through / live / living
vista,sight / seen (f.)
prova,examination / exam / test / proof / evidence
nuova,new (f.)
ricordo,souvenir / I remind / memory
divertente,delicious / exciting / entertaining
avessi,I/you had (subj.)
sicura,sure (f.)
paio,pair
conto,account / tab / tale
perdere,(to) leak / gave / (to) get lost
dimmi,tell me
farmi,to do / to make
figli,children
mezzo,ability / through / by means of
lavorare,work / to work / cultivate
unico,only / sole / one / single / unique / unparalleled / unequalled
esattamente,exactly
squadra,team / squadron / squares
esatto,exact / right
possono,they can / they are allowed to / can
fate,you give / you do / you study
faro,headlight / headlamp / lighthouse
sapete,know / knew / you know
dottor,Dr
parola,said / word / speech
piedi,feet
sopra,on / about / upstairs
motivo,motive / motif / melody / aria / pattern / motif
avevi,you had
cavolo,cabbage / kale / collard
capitano,captain
finita,finished / finite
volete,want / you want / do you want
siano,they be (subj.)
potresti,you could
gioco,playing / I risk / I play
perfetto,faultless / perfect tense / complete
be,well
mente,memory / mind / (he/she/it) tells lies
mangiare,let's / ate / food
resto,stay / remain / (I) remain
credere,to believe / thought / thinks
fortuna,luck / fortune
tratta,draft / trade
chiamo,I call
morta,dead (f.)
là,there
entrambi,both / both of
avresti,you would have
passare,(to) move / impersonate / (to) wear off
cena,(he/she/it) dines / (he/she/it) has dinner / (he/she/it) eats dinner
sarei,I would be
controllo,check / control / verification / examination / inspection
affari,affair / matter / deal / bargain / business
spiace,disappointment / grief / regret / sorrow
ultimo,past / final / bottom
facile,easier / cheap / likely
farò,made / left / make
buongiorno,good morning
davanti,in front
tizio,man / someone / guy / fellow / character / chap / dude / Tityos
dammi,give me
sicurezza,certainty / reliability / confidence / safety / security
dalle,give her
quanti,how many
dica,say (subj.)
matrimonio,marriage / match / wedding
vogliono,want / they want / do they want
molti,many
culo,ass / bottom / buttocks / butt
fuoco,fire / heat / gas ring
cercare,attempting / to look for / find
pistola,pistole / pistol / gun
potremmo,we could / we would be likely / we would be allowed to
re,king / D / tycoon
mandato,warrant / order / writ / summons / mandate / charge / commission / task
puttana,bitch / whore / slut / hooker / tart [British]
negli,inside / ins / in the
cioe,that is / i.e.
inizio,(I) begin / (I) kick off / (I) strike up
saranno,be / they will be / they'll be
causa,cause / lawsuit
voglia,want (subj.) / wish
mettere,fits / kept / fit
fammi,make/let me
uccidere,hit / (to) kill / shoot dead
vogliamo,want / we want / do we want
faremo,(we) will have / (we) will make out with / (we) will get a fix
però,well / but / though
genitori,parent
sesso,sex / sex
potete,you are allowed to / you are able to / you can
ricevuto,to receive / pick up / read / to accept
vivo,alive / live / brisk / animate / vivacious / vivid / intense / brilliant
presidente,chair / chairman / chairperson
città,cities / town / city
citta,city
succedendo,to happen / to succeed
ospedale,hospital
fu,was (p.r.)
agli,to the / a / each
scritto,written / spelled / written down
smettila,Stop it
vada,go on / go / (he/she/it) goes
attenzione,watch out
sulle,on / on to / come on
bere,to drink
situazione,position / situation / situation's
omicidio,murder [Britain] / homicide [US]
revisione,auditing / review / revision
avesse,had (subj.)
ottimo,excellent / exquisite / great
cura,(he/she/it) nurses / course / (you) treat
durante,during / for
provato,proven / established
parole,words
lasciare,hands / to leave behind / to split up
dicono,they say
prossima,next (f.)
nostre,our / ours / us's
arrivato,successful
paese,village / town / country
sull',on to / on / above
andate,you (pl.) go
chiunque,anybody who / anybody / anyone
capisci,to understand
pace,peace
immagino,to imagine / picture / fancy / conceive
musica,music
tieni,to have / to hold / keep / to take
oddio,good grief / oh God; oh my God; God!
libro,book / books / novel's
eravamo,were / (we) used to be / (we) were being
amica,friend / friends / partner
diventare,be elected / become / to be made
sui,on the / on / on to
sbagliato,made a mistake / bad / been mistaken
dirmi,to say / to tell
wow,wow
farai,(you) will form / (you) will go round / (you) will make
entra,to enter / to go in
venuta,come (f.)
scelta,choice / chosen (f.)
voluto,wanted
portare,to bring / takes / wears
assolutamente,absolutely / completely / totally / dead
molte,many
chiedo,to ask / to request
torna,returns
scoperto,bare / open / uncovered
fatti,done (m. pl.) / facts
settimane,week
dirlo,to say / to tell
alcuni,a few / some / any
prigione,imprisonment / incarceration / detention / jail / prison
giornata,day / 810 m2 / agricultural measurement in Piedmont equal to 3
piuttosto,pretty / rather / somewhat
buono,strongest / kind / better
aspettare,hold / expected / expects
parli,you speak / speak / you talk
arrivare,to arrive / arrive / to come
lungo,thin / prolonged / long
vede,sees
avvocato,advocate / defender / intercessor / lawyer / counsel / solicitor / barrister
deciso,strongest / strong / determined
sarai,you will be / be / feel
messaggio,address / text message / message
dormire,sleeping / sleep / slumber
dieci,ten
stupido,stupid / idiot / fool / moron / clot
usare,to exercise / wears / to run
dello,with / of the / for
cielo,heaven / sky
guardare,to look after / let's / viewed
bagno,swim / washroom / bath
aria,air / Aryan / aria
voce,song / rumor / item
tornato,returned
vuol,wants (apocopated)
giù,down / downstairs / below / low / depressed / weak / below
conosci,to know [a person or place] / experience / to recognise
benissimo,Superlative of bene
prendo,I take
verita,truth
cane,dog
restare,stay / stopped / kept
chiamare,name / calling / phones
poter,to be able (apocopated)
campo,background / battlefield / airfield / field
luce,light / light's
qualunque,any / every / each / ordinary / common
giovane,young / youngster / young person
signori,lord / gentleman / [used to address a man] sir / Mister or Sir
fra,among / between / in
provare,try / walks / experimenting
minuto,detailed / petty / petite
saperlo,to know
lontano,hold / from a distance / distant
gruppo,cluster / band / party
continua,continuous
arrivo,arrival
gran,great (apocopated)
realta,reality / situation
cerca,search
passo,(I) spend / walks / (I) drop in
domande,questions
insomma,well / in short / in a word
bambina,child / missed / daughter
pensando,thinking
capelli,a single hair / hair
trova,finds
onore,credit / honour / reputation
aiutare,facilitate / to help each other / bridges
verità,truth
prove,examination / exam / test / proof / evidence
n',of it / from there (elided)
funziona,to work / to function
alto,large / tall / keep
giu,down / downstairs / below / low / depressed / weak / below
credevo,I believed
futuro,future
preoccuparti,to worry / to trouble / to bother
idiota,idiotic / idiot / moron / clot
cibo,food
fretta,hurry / haste / rush
cara,dear (f.)
finalmente,finally
morti,dead / deaths
odio,hatred
solito,same old / same / usual
brava,well done (f.)
incidente,incident / accident / crash
allo,to the / a / each
dev',must (elided)
intenzione,intention / intent / purpose / mind / wish
speciale,special / special slalom / peculiar
cambiare,breaks / swapped / (to) alter
vera,true (f.)
camera,room / chamber / bedroom
oltre,beyond / besides
semplice,simplest / simple / simple person
dirti,to say / to tell
riguardo,care / respect / connection / regard / respect / regard / consideration
finche,Common misspelling of finché
aspetto,appearance / look / aspect / side / angle / point of view / aspect
viaggio,I travel / trip / run
chiaro,blonde / comprehensible / light
chiamata,call / called (f.)
bocca,throat / lips / mouth
permesso,permitted / permit (p.p. of permettere)
piacerebbe,pleased to meet you / delight / favour / kindness
dovete,you must / you have to / do you have to
giocare,let's / playing / to stake
ordine,order
circa,around
ovviamente,obviously
finire,ate / run / stopped
piu',more / most
natale,Christmas
i',the / him / her (elided)
direi,I would say
vostri,your / yours
occhio,beware / face / eye
pronta,ready (f.)
scusami,excuse me
mattina,morning
cercato,to look for / to try
crede,believes
sistema,method / process / system
york,York
fondo,deep / long-distance running / background
resta,to remain / to stay
devono,have to / they have to / need
prossimo,immediate / next / near
pronti,ready (m.)
saputo,known
scusate,Excuse me
potere,can / can't / may
milioni,million
soltanto,only / just / alone
armi,weapon
arriva,to come / to be placed / to arrive / to come / to reach
fermo,firm / still / A town / and associated province / in the Marche
mese,month
chiedere,try / to sue for / asked
cristo,a beggar / a figure of Christ / crucifix / Christ
torno,I return
venite,you come out / you get / you come in
controllare,checking / supervised / kept
appuntamento,appointment / date / appointment's
s,See under S
chiami,you call
vecchia,old (f.)
detective,detective
pero,but / however
metti,you put
grado,degree / grade / level
vanno,they go out / they run slow / they increase
nave,ships / ship / vessel
iniziato,initiated / initiate
perche',because / why
informazioni,information
libero,vacant / loose / sweeper
stronzo,bastard / shit / son of a bitch / turd
grandi,big (pl.)
pezzo,piece / plot
segreto,secret / secrecy / concealed
colpo,blow / knock / shock / punch / hit / pound / raid
faceva,baked / made / left
piacciono,like / does he like / does she like
porto,harbour / passed / take
oppure,or / or else / otherwise
completamente,completely / fully
vederti,to see
lista,(you) list / (he/she/it) edges / lists
venga,come (subj.)
veloce,quick / rapid / fast
assassino,murderous / seductive / assassin
sapeva,knew
finché,as long as / until / till
ormai,already / yet / by now / by this time / now / at this point / by then
interessa,to be in the interest to / to be the concern of / to matter to
generale,general / general
giusta,right (f.)
tenere,to have / to hold / keep / to take
pazzo,crazy / insane / madman
vittima,victim
giuro,to swear / vow
consiglio,(I) advise / (I) recommend / (I) counsel
alcune,- some / a few
semplicemente,just / simply / only / solely / simply / plainly / plain
zio,uncle
centro,I balance / midpoint / I centre
specie,especially / particularly / species / strain / breed / kind / type / sort
mille,one thousand
sogno,dream
lasci,you leave
carino,kind / good-looking / handsome
doveva,had to
brutto,bad / worse / terrible
nello,in the / in / in my
aspetti,appearance / look / aspect / side / angle / point of view / aspect
incredibile,amazing / incredible / amazingly
sole,sun / alone / lonely
glielo,it to her / it to him / it
legge,reads / law
spesso,often
guardate,you (pl.) look
cambiato,to change / to exchange
scena,scene / stage
volevi,you wanted
lasciami,leave me
gentile,kind / better / best
rispetto,compared to / adherence / respect / deference
ve,you
fara,will do
zitto,quiet / silent / be quiet! / shush! / sh!
incontro,towards / arrangement / encounter / meeting
farà,makes / made / (he/she/it/you) will play
servono,to need / to plate / to serve
rapporto,connection / relation / relationship / correlation / ratio / gear
errore,mistake / error / slip
sanno,knows / they know / they can
pagare,pay / to pay for / squares
sorpresa,astonishment / amazement / surprise
occhiata,look / glance
risposta,answer / response / reply
presa,caught / hold / mesh
servizio,facility / feature / utility / setting / bathroom / service
medico,doctor / I medicate
usato,second-hand / used / worn / second-hand goods
caro,dear / honey / costly
schifo,boat / crap / rubbish / disgust / nausea / loathing
avrai,hold / (you) will have / have
dolore,grief / ache / sorrow
saresti,you would be
personale,personal / staff / private
quali,which
saro,I will be
peggio,worse / worst / at (the) worst
addio,farewell
addosso,on / [followed by {{m / it / a]}} on / next to
dovevo,I had to
poteva,could
pieno,solid / full / complete
diverso,dropout / various / changed
vestiti,clothes
sparato,dicky
realtà,reality / situation
do,I give
sarò,i'll / be / I will be
normale,normal / natural / straight
fame,hunger
programma,curriculum / cards / timeline
nonna,grandmother / grandmother's / grandma
sappia,know (subj.)
sembrava,to seem; to look ; to appear / to sound / taste or feel
migliori,to improve / to get better / to improve / to better / to mend
notizie,information / news
avevamo,we had
riesci,to be able to / to manage to / to be / to prove / to find
posizione,position / whereabouts
vengo,I arrive / I am coming / come
rimanere,stay / (to) be flabbergasted / stopped
compagnia,companionship / band / fellowship
proposito,purpose / intention / plan / design / subject / point / aim / object / purpose
farci,to stuff / fill / farce
ricorda,to commemorate / to mention / record / to remember / recall / recollect
prende,takes
tante,many
avevano,they had
arrivando,to come / to be placed / to arrive / to come / to reach
chiuso,boxed in / pulled / secured
terribile,tremendous / dreadful / terrible
ritardo,delay / lag / retardation / retard
attento,careful / special / open-eyed
bar,cafes / bar / coffee shop
sembri,to seem; to look ; to appear / to sound / taste or feel
fallo,fault / error / foul / phallus
dimenticato,forgotten / godforsaken
bisogna,necessity / requirement / need / thing / matter / affair
impossibile,outrageous / impossible / unearthly
cioè,that is / i.e.
studio,work / I study / studied
stessi,same (m. pl.)
arma,weapon / (he/she/it) arms / (you) arm
conosce,knows / offers / know
uscita,release / outbound / way out
ii,II (Roman numeral 2)
fin,until / end (apocopated)
disse,said (p.r.)
vattene,go away
quante,many / how many / how
guai,woe!
intorno,around / round / neighborhood
video,music video / video clip / video
manca,left hand
esserci,be alive / be there; be around / there be / exist
grosso,large / richer / great
tanti,many
dolce,soft / dessert / cake
chiave,in old Italian songs / clue / wrench
cervello,brain
coraggio,courage / bravery / valour / awesomeness
interessante,interesting / intriguing / fascinating
peccato,what a pity
questione,matter / problem / issue
adoro,To adore or worship
aereo,plane / planes / airplane
guardi,you look
rubato,to steal
sala,axis / hall / room
base,base / basis
sette,seven
sente,hears / feels
compleanno,birthday / birthday's
potrebbero,they could
relazione,account / report / connection / relation
cliente,drinker / clients / client
spalle,shoulder / back / rear / back
seconda,second / second year
parti,parts
vale,to be worth
qualcun,apocopic form of qualcuno
diritto,plain / knit / right / right / right-hand
sicuramente,definitely
appartamento,flat / apartment
pranzo,lunch / I have lunch / luncheon
saremo,we'll be / were / we will be
denaro,money / denarius / denier
riuscito,to be able to / to manage to / to be / to prove / to find
continuare,kept / carried / go
serata,nights / evenings / evening's
nero,black / black one / nero
vestito,suit / clothing / three-piece suit
carta,paper
ex,sometime / ex
dottoressa,doctor / graduate
bastardo,bastard / bastard
potevo,I could
iniziare,starting / began / to strike up
lavora,To run or operate / To work / To cultivate
otto,eight
conosciuto,known / well-known / The known
zona,territory / (he/she/it) zones / zone
stavi,you were
intendo,to hear / to listen / heed / to mean / intend
negozio,shop / stores / store's
trovo,I find
aspettando,to wait for / await / wait
partita,derby / left / match
tv,television
spazio,space / room
andra,will go
notizia,news / information / note
tempi,times
linea,dash / line
riguarda,to concern / regard / be about / deal with / to examine / check / go over
soli,sun
parliamo,we speak
uh,uh
poliziotto,policeman / policemen / police officer
scappare,breaks / makes / broken
fronte,forehead / brow / the two initial quatrains of an Italian sonnet
vinto,beated/beaten / defeated / broken down
averlo,to have
tranquillo,easier / peaceable / private
silenzio,silence / quiet / quietness
andati,gone
fossero,they were (subj.)
simile,like / alike / kindred
pezzi,piece / plot
calma,calm / stillness / peacefulness / tranquility / peace and quiet
santo,saint (m.)
ricerca,studied / look-up / (you) look for [sth.
pena,pain / pity / sentence / penalty / punishment
aspettate,to wait for / await / wait
stesse,same (f. pl.)
esiste,to exist / be
scoprire,to discover / find out / to sight; to spot / to uncover
altrimenti,differently / otherwise / or else
diceva,was saying
luogo,in place of / venue / place
lettera,letter / humanities
vive,alive / live / brisk / animate / vivacious / vivid / intense / brilliant
salvare,(to) to rescue / protect / rescue
canzone,song / epic poem / canzone
vengono,do they come / they are / they arrive
pubblico,public's / houses / in public
senta,to hear / feel
corso,course / raced / run
regalo,gift / I give away / present
sentite,you (pl.) hear
rimasto,been left / stopped / stayed
lavorando,To run or operate / To work / To cultivate
né,either...or / neither...nor
scherzando,to gamble / trifle / play / to joke / jest / be funny
stamattina,this morning
missione,mission
test,test
salute,health / golly / salvation
farebbe,would do
scelto,elected / chosen / decided on
dura,hard (f.)
computer,computer
stupida,stupid / idiot / fool / moron / clot
avremmo,we would have
aiutarti,to help / assist
contatto,contact
pericolo,peril / risk / danger
entro,inside / (I) enter / (I) go in
parlo,speak / I speak / I am speaking
freddo,cold / chilly / dry
triste,darker / sad / depressed
promesso,promised (p.p. of promettere)
esercito,exercised / practised / trained
america,the Americas
ultimi,last (m. pl.)
trovi,you find
dunque,hence / therefore / thus / then / afterwards / so
guardia,guard / watch / guard duty / sentry duty
infatti,in fact
possibilita,opportunity / chance / occasion / possibility
intendi,to hear / to listen / heed / to mean / intend
fbi,FBI
casino,brothel / casino / hunting lodge
buonanotte,goodnight / good night
caccia,hunting; shooting / look out / pursuit
gay,gay
arrivata,successful
lavori,jobs
certamente,certainly / definitely / surely / of course
regole,moderation / restraint / menstruation / period
vostre,your / yours
dovrai,(you) will have to / (you) will properly / (you) will ought to
secondi,second
ballo,a dance or ball
ascoltami,listen to me
birra,beer / beer's
ovunque,everywhere
club,club
arrivati,to come / to be placed / to arrive / to come / to reach
governo,government / administration / rule / feeding / tending
bellissima,superlative form of bello (f.)
oro,gold
duro,hold / (I) keep / harsh
cucina,cooking / cookery / food / kitchen
decisione,decision / decisiveness
anima,soul
forma,form / mould / shape
tornata,round / session
esempio,for example / warning / example
incontrato,to play / fight
occasione,broken / broke / bargain
stanotte,tonight / last right
porti,carriage / port / port / harbour
droga,drug / spice
possibilità,opportunity / chance / occasion / possibility
cellulare,cellular / cell phone / phone's
necessario,indispensable / inevitable / necessary
avremo,(we) will have / had / have
ferma,pointing / service
borsa,purse / markets / bag
prometto,to look like / to promise / to threaten
palle,ball / bullet / shot
nonno,grandpa / grandfather / grandpa's
piena,full (f.)
attacco,attack / assault / attack / criticism / junction / connection / join
dagli,give him / to him
affatto,completely
colpito,stricken / struck
salvato,to save / guard / safeguard / protect / defend
siediti,sit down
reale,real / royal
comprare,buy / got / squares
inferno,hell / inferno
parlarne,to speak / talk
diciamo,we say
regina,queen
carina,good-looking / nice / pretty (f.)
aperto,switched on / frank / broken
brutta,ugly (f.)
braccio,arm
fermati,stop
stavamo,we were
crimine,criminal act / criminal offense / crime
andrà,will get back / fit / will be slow
chiesa,church
effetti,appearance / show / effect / impression / sensation
tenente,lieutenant
sapevi,you knew
scrivere,writing / types / to write to each other
scommetto,To bet or wager
paziente,patient
scarpe,shoe
livello,level's / (I) level off / degree
fermi,A family name
ia,AI (Italian acronym)
lunga,long (f.)
mentito,fake / sham / imitation / false
viva,hooray! / long live ... ! / three cheers for ... !
spettacolo,entertainment / show / play
usa,USA
visita,visit
alcun,any (apocopated)
precedenti,former / preceding / previous / foregoing / earlier / precedent
diventato,to become / go / to grow
mica,at all / bit / by any chance
sinistra,left
percio,so / therefore / consequently / thus
processo,process / process / course / method
mare,sea / ocean / seaside
direttore,directors / curator / guide’s
intelligente,bright / sharp / smart
rende,To be profitable / To give back / to return / To make
comprato,to buy
classe,classroom / class / grade
ehm,um / er
cambio,change / exchange / gear
scorsa,last (f.)
farla,to do / to make
bianco,white wine / blanc / white
tavolo,table / tables
stagione,season
dite,you (pl.) say
dannazione,damnation / damn / dammit / gee / blimey
cavallo,they go horseback riding / horse / horses
sergente,sergeant
incinta,pregnant (f.)
rotto,broken / cracked / fractured
aiuti,help! / mayday! / help / assistance / aid
episodio,episode
rispondere,rsvp / answer / answer back
contento,contentment / happier / happy
conoscere,offers / offered / know
inglese,English
volo,(I) rush / (I) fall / (I) blow around
attraverso,through / (I) go across / (I) pierce
riesce,to be able to / to manage to / to be / to prove / to find
differenza,difference
apri,you open
passi,footprint / footstep / gauge
uscito,gone out
coi,with the (m. pl.)
codice,manuscript / code / codex
lato,side
hotel,hotel / albergo / hotels
maggiore,bigger / greater / biggest / greatest / greater than
farsi,reflexive form of fare / to become / to cop off with
uniti,one
trovata,found (f.)
eccolo,here it is
carne,meat
lavorato,carved / cultivated [land] / finished [product]
star,star
umano,human / humane / compassionate / human being
certa,of course / certain
miglior,apocopic form of migliore
averti,to have
de,apocopic form of del
pagato,paid
libera,free (f.)
avrà,will have / kept / must have
vorrebbe,like / he'd like / he would like
caldo,hot / warm / friendly
pelle,fell / peel / casing
interno,(I) confine / house officer / (I) intern
temo,to beware / to fear
leggere,read / reading / light
comandante,commander / commandant / captain
cerco,to look for / to try
avrebbero,they would have
pomeriggio,afternoon / afternoon's
documenti,document
farei,I would do
giudice,A monarch of a medieval kingdom in Sardinia / judge / magistrate
mostro,monster / present / monster's
destra,right
luna,moon / month
ringrazio,to thank
guardando,looking
pericoloso,hazardous / ugly / perilous
buone,good (f. pl.)
affare,affair / matter / deal / bargain / business
figliolo,son
vino,wine
passa,footprint / footstep / gauge
presente,present / this [formal] / gift / present
ordini,order
arrivederci,goodbye
caffè,coffee
barca,shock / mow / stack
maledizione,curse / spell / malediction / bane
nuovi,new (m. pl.)
vederlo,to see
lezione,class / lecture / lesson
intero,wholly / full / complete
dia,give (subj.)
partire,driven / to depart / drive
venuti,come (p.p. of venire)
sogni,dreams
chiedendo,to ask / to request
alta,tall / high (f.)
nord,north
pensate,you (pl.) think
parlarti,to speak / talk
perciò,so / therefore / consequently / thus
congratulazioni,congratulations
data,(you) date back / (you) date / day
sposato,married / wedded
gliel',apocopic form of gliela / apocopic form of glielo
sembrare,feel / felt / come
treno,train / carriage / set
radio,radio
l,See under L
comune,common / ordinary / commune
cattivo,unhealty / mean / unkind
imparato,to learn
smettere,gave / stopped / cease
ottima,very good / very fine / excellent / perfect / splendid / optimum
aiutarmi,to help / assist
ama,loves
intera,complete / full / total / intact / whole / entire
responsabile,directors / curator / culprit
abbiano,they have (subj.)
lascio,I leave
farcela,to bring something to a successful conclusion / to hack / to succeed
bomba,bomb
agenti,agent / representative
belle,beautiful (f. pl.)
m',me (elided)
pochi,few / little / not many
san,saint (apocopated)
clienti,client / customer / guest
periodo,age / epoch / moment / period / time / span / run
energia,driven / drive / strength
segno,indication / mark / scratch / sign
mangiato,eaten
calmati,calm down
chiudi,you close
posti,places
accidenti,Good heavens! etc / Damn it! etc / wow
bellissimo,superlative form of bello
quegli,that man / that / those
dovrebbero,(they) should / should / ought
vivi,alive / live / brisk / animate / vivacious / vivid / intense / brilliant
speranza,hope
rischio,risk / chance / hazard / peril / danger
caffe,a cafe / coffee
rosso,red / red wine
soprattutto,above all / most of all / chiefly
combattere,to fight / to battle / to shrive / to fight / to combat
tocca,trimmings / touches
operazione,operation / process / surgery
zia,aunt / aunt's / auntie's
sexy,sexy
gamba,stem / leg
biglietto,fare / note / tickets
pazza,crazy / insane / madman (f.)
ufficiale,official / officer
vorresti,you would want / you would need / you would wish
vincere,breaks / broken / overcomes
gambe,leg / leg / stroke
pressione,pressure / leverage / steam / blood pressure
farle,to do / to make
seguito,popular / successful / followers / supporters / following / audience
nascosto,hidden
maestro,master / teacher / teachers
fantastica,fantastic / wonderful / great / terrific
benvenuto,welcome
sarebbero,they would be
offerta,offer / offered (f.)
ami,you love
vite,lives
scherzo,joke / jest / trick / hoax / frolic / scherzo
qualcos',apocopic form of qualcosa
finta,pretence / feint / dummy
testimone,witness / baton
fratelli,siblings
banca,bank / bank's
aprire,began / breaks / broken
potesse,could (subj.)
stronzate,rubbish / shit / bullshit
indirizzo,address
tale,such
ottenere,to obtain / to reach / achieve / gain
potessi,I/you could (subj.)
esperienza,relationship / practice / experience
portata,capacity / course / plate / flow
messa,mass / put (f.)
piangere,(to) to grieve over / grieve over / (to) to weep
segreti,secret / secret
scorso,gone through / scrolled / last
lasciate,to leave / let
andremo,go / let / we'll go
sud,south
uccisa,killed (f.)
darmi,to give
torni,you return
pianeta,planet
darti,to give
inoltre,besides / furthermore / as well
serie,series
esci,you go out
vittime,victim
diversi,several
porca,terrible / pig / pork
guida,guides / drive / guide’s
prezzo,price tag / price label / I price
strana,strange / odd / dodgy / whimsical
arrabbiato,got angry / maddest / gotten angry
vecchi,old (m. pl.)
verrà,will come / will yet to come / will fade
orribile,dirty / terrible / dirtiest
gesu,Jesus! / Jesus
ritorno,comeback / return / change [money received after payment]
entrato,to enter / to go in
animali,soul
enorme,huge / enormous / vast
metto,I put
passaggio,passed / passing / pass
imparare,let's / learn / learning
progetto,project / I plan / jobs
danno,return / hold / damage
naturalmente,naturally
colpevole,guilty / culprit
ragazzino,young boy / little boy / kid / teenager
metri,subway [US] / underground [UK] / Tube [the London underground]
chiavi,key / key / spanner
mossa,move / movement
finestra,window / windows / windowpane
suppongo,to suppose
destino,destination / destiny / fate
molta,a lot of / very / many
saltare,(to) come out / (to) pop (off) / breaks
correre,jog / let's / run
frega,to cheat / to pinch / nick or knock off / to polish
edificio,edifice / building / structure
colazione,breakfast
collo,neck / cervix / collar / neck
difesa,defence / protection / shelter
diro,I will say
vicini,near / close
fiducia,trust / confidence / reliance
aiutato,to help / assist
maggior,apocopic form of maggiore
avermi,to have
saprei,I would know
capisce,to understand
ristorante,diners / diner / restaurants
nomi,names
laboratorio,laboratory / lab / workshop / workroom
scegliere,(to) draft / go / decide
comando,command / charge / leadership / headquarters / control / drive
chiedi,to ask / to request
arte,art
meta,aim / goal / end / meta / destination
discorso,speech / speech / address / discourse / subject / matter
nove,nine
avra,will have
segnale,signal / sign
perfetta,perfect / perfect tense (f.)
fortunato,happy / lucky / happier
libri,books
carriera,career
blu,blue
cominciare,began / to strike up / to begin
muro,(I) brick up / (I) immure oneself / wall
tranne,except
proteggere,to protect
prendendo,taking
dubbio,uncertain / ambiguous / doubt
dati,(you) date back / (you) date / (you) date from
stazione,stop / station / terminal
emergenza,emergence / emergency
giustizia,justice / fairness / equity / law / justice / law enforcement
immediatamente,immediately / at once / directly
odore,scent / odor / smell
umani,human / humane / compassionate / human being
college,college
ascolti,listening / reception
contrario,contrary / opposite / alien / opposed / against / unfavourable / adverse
terzo,third party / third / thirdly
preoccupare,to worry / to trouble / to bother
locale,joint / business / haunt
mette,puts
faranno,(they) will get a fix / (they) will last / made
battaglia,battle / fight
aiutarla,to help / assist
diverse,to diverge
notato,to notice / to note
chiamate,to call
sceriffo,sheriff
sembrano,to seem; to look ; to appear / to sound / taste or feel
evitare,to avoid / to dodge / to ward off
spirito,alcohol / sparkle / wit / esprit / spirit / mind
seduto,sitting / seated
bianca,white (f.)
lingua,modern languages / tongue / language
dipartimento,bureau / department / district
controllato,controlled / self-controlled / restrained
massimo,chief; principal / maximum / maximum
praticamente,practically
riunione,meeting / gathering / reunion
po',a little
rumore,noise / sound / din
torta,cake / pie
guardami,look at me
dirò,I will say
accanto,passed / next / near
eroe,protagonist / hero / superhero's
turno,relay / ballot / shift
piccoli,small (m. pl.)
entrambe,both
dovremo,we will have to / we will owe / will have to
potrai,you'll be able / you will be able
londra,London
vedrai,see / watch / imagine
punti,points
fiori,to flourish / to flower / to bloom / to blossom
vederla,to see
persino,even / just
ovvio,trivial / obvious / banal
furgone,hearse / removal van / van
coppia,couple / pair
ridere,to laugh
inizia,to begin / to join / to incorporate
pausa,breaks / broken / broke
grave,grievous / slow / grave
vedete,you (pl.) see
memoria,cold / by heart / memoir
dovevi,where
aiutami,help me
tranquilla,calm / sober / tranquil
cosi',so / like this
naso,nose
andava,was going
nemico,enemy / hostile / antagonist
mangia,eats
chiudere,(to) to shut (down) / (to) heal over / (to) draw
felici,happy (pl.)
colonnello,colonel
palla,bummer / ball / drag
giovani,young (pl.)
nuove,new (f. pl.)
costa,rib / vein / coast / shore
laggiù,down there / down below / over there
scatola,box / carton / can
torniamo,we return
albero,tree
tribunale,court / judicature
razza,spoke / family / descent / ray / stingray / skate
anello,bands / ring / rings
prenda,first- / second- / third-person singular subjunctive present of prendere
idee,ideas
piede,foot
ferita,A wounded or injured person / injury / wound
ferito,A wounded or injured person
cerchi,circle
preoccupato,worried
verra,will come
sentimenti,feeling / emotion / sentiment / sensation / sense
arresto,arrest / stop / standstill
project,project
averla,shrike
dà,gives
soldato,soldier
natura,nature
cominciato,to begin / to start / to commence
inutile,unnecessary / useless / unhelpful
casi,case / circumstance / matter / affair / chance / coincidence / accident
prendiamo,we take
colore,color / dye / paint
basso,shallow / meant / bass guitar
uso,custom / habit / use
anzi,on the contrary / or rather; or better still; or better yet; or even
storie,stories
digli,tell him / say to him
preferito,favourite / favorite / preferable
dirle,to say / to tell
utile,handy / profit / income
cattiva,bad / wicked / naughty (f.)
cani,freezing / biting / terrible / dreadful / awful / dog in general / male dog
sparare,to shoot / to fire / to shoot / to fire / to discharge / pipe up
parigi,Paris / the capital city of France
diventa,to become / go / to grow
chiamano,they call
ascoltare,to listen
decidere,to choose / to elect / to decide on
professore,teacher / professor / teachers
fidanzato,engaged / affiance / gotten engaged
sensazione,sensation / feeling
andartene,to go
legale,juridical / juristic / lawful / legitimate / legal / law
carte,map / menu / paper
compito,duty / prep(aration) / assignment's
stronza,bitch / spiteful woman
contenta,content / happy / satisfied / pleased
provi,good / benefit / advantage / pro [a professional]
corte,court / courtyard
tengo,to have / to hold / keep / to take
pesce,fish
pensano,they think
obiettivo,object-glass / goal / unprejudiced
incontrare,(to) to encounter / experiences / run
nato,born
visti,To approve / to okay / to endorse / to stamp / To visa
conta,count / counting / counting-out game
accesso,access / admittance / a fit / an attack of some disease
breve,little / quick / news flash
risolvere,resolves / makes / made
isola,island / he isolates / she isolates
povero,poor / poor man / scanty
stavolta,this time
affrontare,to brave or tackle something / to cope with something
poliziotti,cop / copper / rozzer / bobby / policeman / police officer
opera,work / (he/she/it) makes / d'oeuvre
buoni,good (m. pl.)
ballare,to dance / dancing / dance
bacio,excellent / (I) kiss (each other) / perfect
resti,change / rest / remains / leftovers / ruins / remainder
funzionato,to work / to function
bordo,edge / border / margin / hem / rim / side / board
sbaglio,mistake / failure / goof
giochi,game
verde,green / greener
saremmo,we would be
aperta,open (f.)
improvviso,unexpected / sudden / unforeseen
continui,continuous
fianco,flank
alzati,get up
accettare,(to) to accept / passed / take (on)
metà,half / middle
continuo,continuous
peso,weight
piaciuto,pleased to meet you / delight / favour / kindness
stile,speech form / style / look
corsa,run / running / Corsican / movement
entrata,has entered / admission / hall
soluzione,solution / answer / agreement / settlement / break / gap / solution
maria,female given name / cognate with English Mary / Mary; Miriam
fanculo,fuck / fuck you! / fuck off!
contratto,contract / caught / got
arrabbiata,rabid / angry
fermare,to close / to stop
retro,behind / back / rear / reverse
meraviglioso,wonderful / marvelous / astonishing
guidare,driven / run / drive
denti,tooth / cog / prong
mandare,return / (to) to rewind / (to) to drive out
fidati,trust
sveglia,wake up / alarm / alarm clock
tiene,to have / to hold / keep / to take
ultimamente,recently / lately / of late
creato,creation / The creation
prendermi,to take
dipende,to depend / to be dependent on / to depend on / to rely on
innocente,not guilty / innocent / An innocent person
scopo,aim / end / goal / objective / purpose / intent / reason
coltello,knife / knives
fila,line / rank / row / course / queue [British] / line [US]
magia,magic
effetto,appearance / show / effect / impression / sensation
procuratore,Someone who holds power of attorney
ricordare,commemorates / (to) remind / reminiscing
smesso,stopped (p.p. of smettere)
dna,DNA
vendere,sold / carried / markets
pantaloni,pants
centrale,central
azione,action / share / security / share
principe,main / prince / principal
cadavere,corpse / body
chiusa,closed (f.)
fede,creed / convictions / faith / belief / faith / loyalty
nipote,grandkid / nephew / niece
andro,I will go
soldati,soldier
conti,count / earl / rabbit / coney
finisce,to finish / to end / to finish
stavano,they were
riuscita,result / outcome / success
troveremo,to find
stampa,engraving / press / print
assistente,assistant / helper
ognuno,each / everybody / everyone
debole,thin / weak / delicate
risultati,to appear or seem / to turn out to be / prove to be or emerge as
ridicolo,ridiculous / funny / ludicrous / ridiculousness
sii,to be
vaffanculo,fuck off! get lost!
andarci,to go
dirtelo,to say / to tell
grandioso,grandiose / magnificent
americano,American English / in the American style / American
gesù,Jesus! / Jesus
francese,French
chiederti,to ask / to request
faresti,you would do
taxi,taxis / taxi / cabs
sottotitoli,A subhead / a subheading / A subtitle
creare,makes / made / (to) create
peggiore,worst / worse
bevuto,drunk (past part.)
rimasta,remained (f.)
angolo,angle / corner
latte,milk
buio,frowning / nights / gloomy
siate,you (pl.) be (subj.)
malattia,illness / disease / sickness
gatto,cat
suona,to play [an instrument] / to ring / to sound
troviamo,we find
estate,summer / summers / summertime
scomparsa,disappearance / vanishing / death / decease / demise / extinction
fargli,to do / to make
risposto,talked back / replied / answered
condizioni,condition
muoviti,to move
fiume,river / rivers / stream
schiena,croup / back / backs
sindaco,(I) inspect / mayor / (I) control
nonostante,in spite of; notwithstanding / though
reso,To be profitable / To give back / to return / To make
campagna,campaign / drive / countryside
andrai,you will go off / you will get away / you will come down
tenuto,held (p.p. of tenere)
paga,pay / reward / recompense / wages
seguire,(to) to attend / (to) be on / (to) to watch
cerchiamo,to circumscribe / to hoop
coglione,sucker / fool / testicle
dettagli,said (f.)
chiaramente,clearly / distinctly / plainly
rispondi,[~ a] to correspond to / [~ di] to be responsible for
capace,able / capable / clever / large / capacious
distrutto,distraught / tired / stuffed
forze,force / strength
importanza,importance / consequence / significance
debba,must (subj.)
importanti,important
particolare,particular / private / personal / homosexual
stanco,tired / I grow tired / I get tired
piani,penultimate accented / plain / plane
mantenere,to hold / defend / to keep / stand by / maintain / support / uphold
piaceva,pleased to meet you / delight / favour / kindness
richiesta,needs / call
parecchio,several / many / quite a lot of
dando,giving
principale,main / principal / major / flagship / boss
rose,rose
insegnato,to teach / to lecture / to teach
faccenda,issue / matter / affair / business / thing / housework / household chores
vento,wind / windy / breeze
immaginare,view / (to) imagine / figure
dimenticare,leave (behind) / (to) forget / (to) to leave out
matto,mad / crazy / madman
convinto,convinced (p.p. of convincere)
rovinato,ruined / damaged
campione,champion / sample / model / champion / ace / master
buonasera,good evening
braccia,arms
laggiu,down there / down below / over there
decisamente,decidedly / definitely / positively / strongly / indeed
washington,The letter W in the Italian phonetic alphabet / Washington
usando,to use something
provando,to try on / to rehearse / to feel / experience
momenti,moments
sbagliata,wrong (f.)
andrò,I will come down / I will go on / I will pass away
pensarci,to think of it / think about it / take care
mercato,markets / street market / market
valore,sense / meaning / value
sbrigati,hurry up
salire,go / get / (to) go up
drink,drink
riuscire,to be able to / to manage to / to be / to prove / to find
spiegare,(to) explain oneself / (to) explain / (to) fold out
principessa,princess
provo,to try on / to rehearse / to feel / experience
avro,I will have
attenta,attentive / intent / watchful / alert / careful / close / focusing
zitta,quiet / silent / be quiet! / shush! / sh!
bellezza,beauty / handsomeness / loveliness
prendete,to take
tanta,much
morendo,to die
rilassati,To relax
buco,broken / broke / hit
conversazione,conversations / conversation / talk
dover,to have to (apocopated)
speravo,to hope
attesa,wait / expected (f.)
pensiero,thought / worry
rimane,remains
benvenuti,welcome
conoscenza,acquaintance / consciousness / knowledge / cognition
ponte,bridge / deck
malato,dirty / sick person / ailing
sedia,chair / seat / seats
vedremo,see / see oneself / show off
omicidi,murder [Britain] / homicide [US]
finale,closing / finish / trace
impronte,footprint / imprint / impression / print / mark / trace
sistemare,to accommodate / lodge / put up / fix up
pensiamo,we think
succedere,(to) succeed / (to) to follow one another / follow one another
avrò,have / i'll / I will have
ghiaccio,ice
tracce,chase / outline / plan / guideline / trace / hint
bottiglia,bottle
accettato,to accept / to admit
indagine,hearing / investigation / inquiry / probe / enquiry / research / search
pensava,was thinking
passata,glance / look / puree / tomato purée / pureed tomatoes
super,super / The best grade of petrol / superphosphate
eppure,and yet / but / all the same / still
fottuto,bloody / fucking
propria,really / one's own
tiro,fire / puff / sniff
cadere,(to) to collapse / fell / (to) to come down
diversa,different (f.)
sguardo,look / eye
perdita,leak / leakage / loss / waste / deprivation
milione,million
camminare,walks / walking / walk
eccoci,here we are
pratica,activity / affair / practical woman / knowledge / familiarity
americani,American / United States / US / Yankee / American
primi,first (m. pl.)
villaggio,village / hamlet
scuse,sorry / excuse me (inf.)
fantasma,ghost / phantom / spectre
trovarlo,to find
potevi,you could
preferisco,I prefer / prefer / I like better
scusatemi,sorry / excuse me (pl.)
ispettore,inspector / supervisor / surveyor / assessor
teoria,theory
chiamami,calls
dovere,should've / we’d / jobs
camion,truck
parco,economical / park / parco
palazzo,apartment block / palace / building's
privato,private / personal / privacy / private person / private citizen
dovreste,should / (you) should
troia,sow / whore / A town in the province of Foggia in Puglia
chiede,to ask / to request
volessi,to want
purtroppo,unfortunately
eccola,here it is
preoccupata,preoccupied / worried / anxious
area,area / surface / field / sector / land / ground
aspettavo,to wait for / await / wait
prenderti,to take
accusa,accusation
crederci,to believe / think
stelle,a star / female given name
direttamente,directly / personally / straight / direct
aiuta,to help / assist
esserlo,to be
voler,to want (apocopated)
cento,one hundred
fidanzata,girlfriend / fiancée / girlfriends
seriamente,really / seriously
pista,runway / ski run / ski slope / piste / trail / line
terza,third
desiderio,wish / desire / longing
preoccupi,to worry / to trouble / to bother
mentendo,to lie
ubriaco,blotto / drunk / blotto
angelo,angel / male given name derived from Latin Angelus
tradurre,To transfer / To translate
luci,clearance / light
popolo,people
case,houses
grace,grace
dita,finger
vince,to win / to vanquish
infermiera,hospital nurse / nurse / nurse's
altezza,height / altitude / tallness / height / stature / Highness
seduta,chair / seat / session / meeting / sitting
minaccia,threat / menace
età,age / era / period
controlla,to audit / to check / verify / inspect / examine / to control / dominate
nazionale,nationwide / international (player) / national team
genio,genius / the engineers / spirit / genie
caduto,dead / fallen / dead soldier
corri,to hurry / rush / to run / to run [a race or a risk]
cinema,cinema / movie theater / film
t,See under T
passati,footprint / footstep / gauge
tetto,rooftop / roof / rooftops
alcuna,feminine form of alcuno
stella,darling / star / blaze
media,average / mean / media
politica,politics
voci,voice
suono,I play / noises / sound
copertura,cover / covering / roofing
conosciamo,to know [a person or place] / experience / to recognise
vissuto,lived / lived through / gone through
piaci,pleased to meet you / delight / favour / kindness
internet,internet
lettere,letter
occupato,busy / held
sposata,married / wedded
cancro,cancer / Cancer / Cancer
numeri,numbers
diamo,we give
credimi,believe me
compagno,mate / classmate / comrade
merito,merit
società,companies / association / club
quand',apocopic form of quando / apocopic form of quando
nient',apocopic form of niente / apocopic form of niente
spada,épée / spades / sword
vedermi,to see
scendere,fell / drapes / go
pazienti,patient / patient
dirgli,to say / to tell
leggi,you read
cambia,to change / to exchange
facevo,made / (I) did / kept
pete,fart / toot (f. pl.)
sentita,heard / felt
diventata,to become / go / to grow
perfettamente,perfectly / absolutely
ragazzina,young girl / little girl / teenager
bicchiere,glass / goblets
autobus,bus / buses / bus's
dargli,to give
vuoto,vacant / (I) clear out / (I) empty (out)
porte,doors
animale,animal / animal's
azienda,company’s / firm / business's
sabato,on Saturday / Saturday / saturday's
pollo,chicken
spiaggia,beach / (sea)shore / seaside
ordinato,ordered / orderly / straight
rotta,broken / route (f.)
dovesse,should (subj.)
telefonata,(tele)phone call / call / ring
completo,complete / absolute / total / complete / entire / full / whole / 2-piece set
lasciamo,we leave
entri,to enter / to go in
liceo,high school
rosa,pink / romantic / rose
mezza,half (f.)
innamorato,in love / charmed / enamour
doccia,shower
guardato,looked at / watched
stanca,tired (f.)
arrestato,arrested / under arrest / Person under arrest
esce,goes out
date,you (pl.) give / date
venduto,corrupt
gara,event / contest / competition
comincia,to begin / to start / to commence
orologio,watch / clock / wrist watch
eravate,(you) used to be / (you) were being / felt
fan,fans / fans' / fan
erba,grass / herb / marijuana
viso,face
bevi,you drink
metta,to put
fece,did (p.r.)
ascoltate,to listen
distanza,distance / gap / difference
maledetto,damned / damn / cursed / blasted / horrible / awful
chiamarmi,to call
magnifico,generous / gorgeous / superb / magnificent
universo,universe
esame,inspection / checkups / exam
quartiere,skirts / quarter / neighborhood
uccidermi,to kill
andarsene,to go away / leave / to pass away
sposa,it gets married / you embrace / you get married
partito,party; divided into two equal parts vertically / per pale
lascialo,leaves / let
strade,roads
cappello,hat / capping / head
pagina,page / face
mostra,(you) point to / (he/she/it) shows oneself to be / (he/she/it) shows
giardino,yard / garden
intendevo,to hear / to listen / heed / to mean / intend
testimoni,witness / baton
nera,black / a person of black skin / black colour
taglio,cut / slit / slash / incision / break; cutback / cutting
velocemente,quickly / fast / rapidly
potente,powerful / potent / mighty / powerful person
killer,hired assassin
potrà,will as fast as one can / she will be able to / will be able
muore,dies
segni,indication / mark / scratch / sign
paradiso,paradise / heaven / Paradise
rabbia,anger / rabies
fuga,breakaway / break / flight / escape / leak / leakage
biglietti,card / note / banknote / bill / note / slip
s',oneself (elided)
toccare,to hit / involved / involve
termine,end / close / term / term / condition / main point
collega,colleague's / colleague / couples
vittoria,victory / female given name / cognate to English Victoria / Victoria
assurdo,absurd / preposterous / ludicrous / nonsensical / cockeyed / ridiculous / paradoxical
mr,Mr.
giornale,newspaper / sheets / rag
dimmelo,tell it to me
insegnante,schoolmaster / schoolteacher / coach
talento,talent / talented person
spaventato,to frighten / scare / spook
naturale,natural / in brine / natives
vicina,neighbour / near / neighbor
coinvolto,involved or implicated
immagini,image / imago
figo,great / cool
grossa,big / large / heavy / thick
umana,human / humane / compassionate / human being
amiche,friends (f. pl.)
girare,breaks / broken / (to) to spin
seria,serious
corrente,current / valid / ordinary / running
libertà,freedom
rubare,to snatch / burglarize / to burgle
venendo,coming
doppio,double / dual / two / two-faced / double-dealing / double
immagine,image / imago
certe,of course / certain
conoscerti,to know [a person or place] / experience / to recognise
tantissimo,Very much; very many
allarme,alarm / alert
ultime,last (f. pl.)
militare,army / military / serviceman
padrone,employer / boss / host / landlord
prenderlo,to take
arrivano,to come / to be placed / to arrive / to come / to reach
azioni,action / share / security / share
tipi,standard / model / average / stock
sveglio,wake up / smarter / alert
mr.,Mr.
amor,apocopic form of amore
potremo,will be able to
preparato,prepared / ready / keen / preparation
direzione,administrative department / manager's office
gratis,free / gratis
dito,finger / toe
vendetta,revenge / vengeance
cantare,to sing of / to squeal / epic poem
distruggere,To destroy / wipe out or ruin
lasciata,to leave / let
funzionare,work / come / came
invitato,asked / invited / requested
regola,moderation / restraint / menstruation / period
servizi,facility / feature / utility / setting / bathroom / service
zero,zero / 0 / zeros
ruolo,role
cavalli,knight / crotch / fork / horse
c,See under C
mattino,morning
pazzi,crazy / insane / madman
funerale,funeral
dallo,from the (m.)
ospiti,hosting / visiting / host
ministro,pastor / Secretary (of State) / minister
venti,twenty
ottenuto,obtained (p.p. of ottenere)
intende,to hear / to listen / heed / to mean / intend
abbiate,you (pl.) have (subj.)
domenica,on Sunday / Sundays / Sunday
tette,boob / tit / jug
sig.,Mr. (abbreviation of signor)
vorrà,like / (he/she/it/you) will take / liked
spia,spy / sign / indication / symptom / light / gauge / indicator
manda,to drive / to send / forward / dispatch / transmit
rimani,you remain
partner,partner
dritto,straight
presenza,attendance / presence
eta,eta
succedera,to happen / to succeed
son,to be
offerto,offered (p.p. of offrire)
atto,fit or capable / act
apprezzo,to appreciate / to esteem / to value
discutere,debating / talked / discuss
mentire,(to) lie / (to) to tell lies / tell lies
gestire,To gesticulate / To manage / run or administer
chilometri,kilometre / kilometer
migliaia,thousands / hundreds / thousand / about a thousand / about one thousand
sugli,on the
lasciarmi,to leave / let
volevano,they wanted
guardati,look / he looks
domattina,tomorrow morning
lasciatemi,to leave / let
pensavi,thinks
vacanza,vacation / holiday
nemici,enemy / hostile / foe / enemy / foe
medicina,medicine / medical science / medication
speriamo,to hope
sali,to go up / come up / to ride / mount
tira,to pull / draw / kick / bend / die / to throw / shoot / drag / toss / roll
scappato,to escape / to flee / to run away
pur,apocopic form of pure / apocopic form of pure
informazione,info / information / intelligence
sposare,(to) get married / (to) marry off / (to) marry
est,east
accaduto,event / happening
violenza,violence
articolo,article / item / article / goods / article / paragraph / clause
crescere,bring up / (to) to bring up / (to) grow up
suonare,mean / beat / playing
forti,strong (pl.)
caduta,drop / fall
calmo,even / calm / quiet
presi,I took (p.r.)
parlarle,to speak / talk
cugino,cousin / cousin's
fossimo,to be
messaggi,message
famiglie,families
povera,poor (f.)
danni,they give / damage
sentivo,I was hearing
sospetto,suspected / suspicious / suspect / questionable / suspect
guardie,guard / watch / guard duty / sentry duty
gira,to be on the go / ramble / roam / wander / go around
trappola,A trap / a snare / a catch
dirai,you will say
starai,you will be
attenti,attention!
diventando,to become / go / to grow
criminale,criminal / criminal
lady,lady
giacca,blazer / coat / jacket
unita,unit / unity
rossa,female given name
dormito,slept
scomparso,dead / deceased / lost / vanished disappeared
modi,ways
entrate,to enter / to go in
sarete,feel / you will be / you'll be
commesso,clerk / salesclerk
pugno,fist / fistful / handful / punch
opinione,opinion / mind / view / attitude
chiamava,to call
cresciuto,grown-up / grown / developed
mal,apocopic form of male
interesse,interest / interest / concern / affairs / business
laura,female given name
mettiamo,we put
bell',apocopic form of bella / apocopic form of bello
sig,Mr. (abbreviation of signor)
francia,France
ossa,bone / stone / pit
roma,Rome / The letter R in the Italian phonetic alphabet
carico,live / deep / richer
fastidio,trouble / bother / nuisance
premio,reward / premium / bonus
fermato,to close / to stop
sopravvivere,To outlive / To survive
studenti,grader / student
battuta,beat / beating / cue
dappertutto,everywhere / all over the place
dave,I was giving (f. pl.)
tè,tea
profondo,deep / profound / deep / deeply / profoundly / depths
arrivi,gee up
cella,cell
finora,so far / till now / up to now / yet
membro,A member / A member / a limb / The member / the penis
lupo,willow / wolf / willowing-machine
gas,gas
macchine,cars
risposte,answers
lotta,conflict / fight / struggle / wrestling
presento,to introduce / to present
piccole,small (f. pl.)
mostri,monster
moto,motorcycle
percento,percent
vorra,will want
colpi,to affect / to hit / strike
amicizia,friendship / companionship
diritti,plain / knit / right / right / right-hand
pulito,cleaned / cleaned up / washed
protezione,protection
disturbo,disturbance / interference / noise / trouble / bother / inconvenience
avranno,will have / have / they'll
assieme,together; along / together with; along with
dicevo,I was saying
diretto,direct / directed (p.p. of dirigere)
pane,bread
pesante,slow / bad / unwieldy
city,city
aeroporto,airport / terminal
gloria,glory / praise / female given name
scusarmi,to excuse / forgive / pardon / to excuse / justify
creduto,believed
risponde,[~ a] to correspond to / [~ di] to be responsible for
terapia,therapy / treatment
santa,saint (f.) / Santa
dirci,to say / to tell
disastro,disaster / catastrophe
uova,eggs
tirato,to pull / draw / kick / bend / die / to throw / shoot / drag / toss / roll
tenga,to have / to hold / keep / to take
sedere,bottom / butt / seat / buttocks / bum / to sit down / take a seat
veri,true (m. pl.)
preparare,trains / done / puts
versione,translation from ancient languages to a modern one / version
costruire,makes / made / (to) to lay (down)
rete,goal / net / network
potra,will be able
guardo,I look
puzza,stink
ricco,richer / well off / wealthy
ali,Ali
sposati,bride / wife / spouse
gola,gluttony / gorge / passed
fumo,smoke
crisi,crisis / panic / fit
dirmelo,to say / to tell
raggiungere,to attain / gain / achieve / to reach / arrive at / get to / touch
nervoso,edgy / tense / nervous
minimo,least / smallest / slightest / lowest / minimum
persa,lost (f.)
traccia,chase / outline / plan / guideline / trace / hint
inghilterra,England / the United Kingdom
albergo,hotel
tornate,to return
incendio,fire / blaze
falso,studied / worse / doctor
dirglielo,to say / to tell
ucciderlo,to kill
polvere,dust / powder
gioia,joy / delight / female given name / an equivalent of the English Joy
fucile,gun / rifle
maniera,manners / manner / way / style
sessuale,sexual / sex
orecchie,ear
privata,female private person / female private citizen
tentativo,attempt / try / effort / shot / endeavour
weekend,weekend
totale,total / in all / complete
poche,few / not many / little / not much / short / little [time]
sicuri,sure / safe (m.)
sentirmi,to hear / feel
aspettiamo,to wait for / await / wait
svegliati,wake up
parlano,they speak
scherzi,joke / jest / trick / hoax / frolic / scherzo
trucco,makeup / knack / (I) make up
lord,gentleman / lord [British aristocrat]
trovate,to find
t',you (elided)
dovevamo,to have to / must
nascondere,hold / kept / keep
aiutarci,to help / assist
succederà,to happen / to succeed
rendere,hands / return / caught
urla,howl / scream / wail
calda,hot (f.)
aspettato,to wait for / await / wait
dovessi,I/you should (subj.)
ambulanza,field ambulance / ambulance
superiore,superior / better / course of studies following middle school or junior high school and preceeding university
m,See under M
volare,to fly / to go quickly
mancato,abortive / unsuccessful / failed / lost / wasted
perdono,forgiveness / pardon
errori,mistake / error / slip / howler / blunder / goof
proprietario,owner / proprietor
piaccia,pleased to meet you / delight / favour / kindness
raccontato,to tell / to narrate / to recount / to relate
ospite,guest's / (house)guest / guests
dovro,I will have to
dovrò,I'll / I will have to / I will have got to
dillo,say it
poteri,to be able / can
credito,credit
recente,recent / fresh
dovrà,(he/she/it/you) will have (got) to / (he/she/it/you) will have to / (he/she/it/you) will owe
pizza,pizzas / pizza / pizza's
fatemi,you (pl.) do / make
amato,loved
telecamere,television camera
quarto,quarter / watch / quarto
bravi,well done (pl.)
avessero,they had (subj.)
movimento,bustle / clockwork / exercise
regno,kingdom
volevamo,we wanted
stomaco,stomach / (I) turn one’s stomach / (I) disgust
membri,A member / A member / a limb / The member / the penis
licenziato,to dismiss / fire / give the sack / to make redundant
preferirei,to prefer
tirare,hang back / (to) to tighten / stick out
chiedevo,to ask / to request
analisi,calculus / tests / (psycho)analysis
muoversi,reflexive form of muovere / to go / leave / stir
merita,to be worth / to be worthing / to deserve / merit / to earn
volesse,wanted (subj.)
promessa,promise (f.)
capita,to understand
farvi,to do / to make
credete,you (pl.) believe
sissignore,yes indeed / of course / yes sir
dannato,damned / damned soul / The damned
bei,To make someone happy
assicuro,to assure / guarantee / to ensure / provide / to insure / assure
abbandonato,abandoned / deserted / disused
facilmente,easily
scale,ladder / scale / stair
attorno,around
darò,(I) will pay / (I) will put on / (I) will bump
smetterla,to stop or give up an activity
corpi,bodies
sospettato,to suspect somebody / to get suspicious / to mistrust / to suspect
mettendo,to don / put on / draw up / to give / lead onto / to suppose
puo',can
cinese,Chinese
verranno,they'll / they'll come / they will arrive
imbarazzante,embarrassing / awkward
fonte,source or fount / spring / font
mancano,to miss / to be lacking / to be missing / absent
perdendo,to lose
studiare,study / look / to study
divano,sofa / couch
amante,lover
risultato,turned out / proved/proven / issue
accuse,accusation
societa,society / association / club / circle
neppure,not even
bloccato,to blockade / to block / block up / block off / to freeze
avessimo,to have
tornati,returns
scrivania,desk / desk's
complicato,complicated / difficult / elaborate
pavimento,ground / floor / floor's
tolto,removed (p.p. of togliere)
famoso,renowned / famous / well-known
desideri,wish / desire / longing
traffico,activity / rush / trade / traffic
avrete,(you) will have / have / keep
eccoti,here you are
contare,to count on someone / to count / to matter / to count
cia,CIA
prestito,borrowed / borrow
potreste,you (pl.) could
solamente,only / just / but / alone / merely
chissà,maybe / perhaps / who knows?
sorriso,smile
sentiamo,we hear
lavorava,To run or operate / To work / To cultivate
ferite,to wound / to injure / to hurt
proiettile,bullet / projectile
motore,motor / motory / motive / propelling / driving / moving / engine / motor
specialmente,especially / in particular / particularly
posta,pots / pot / mail
darle,to give
lontana,far
file,lines / file / files
ingresso,admission / ticket / cover charge / entrance / hall / entry / entrance
riuscivo,to be able to / to manage to / to be / to prove / to find
respira,to breathe
mettiti,you put
fido,faithful / loyal
nate,born / né
lasciati,leaves / let
piatto,dish / course / even
folle,mad; insane / idle / madman; madwoman
proposta,proposal / proposed (f.)
rapporti,connection / relation / relationship / correlation / ratio / gear
tuttavia,nonetheless / nevertheless / but
cazzate,load of balls / crap / bullshit / shit / rubbish
affascinante,fascinating / seductive / interesting
virus,(computer) virus / viruses
liberta,freedom / liberty
simili,Symi
carter,chain guard / oil sump
prenderla,to take
bugie,candleholder / lie / untruth
prese,took (p.r.)
sterline,pound / sterling
trovarmi,to find
frattempo,meantime
banda,band / gang or group / bend
esplosione,explosion / blast / burst / blow-up / outburst / outbreak
alan,alar / wing / firedog
calcio,soccer
ricerche,investigation / inquiry / survey / research
lago,lake / pool
ascolto,listening / reception
teatro,theater / theatre / venue's
riusciamo,to be able to / to manage to / to be / to prove / to find
ladro,thieving / burglar / thief
spaventata,to frighten / scare / spook (f.)
compagni,alike / like / similar / the same / husband / spouse
facciamolo,we do / we make
tentato,attempted / tempted
sorpreso,caught / surprised
pioggia,rain
debito,due / proper / debt
occhiali,glasses
conoscete,know / knew / you know
taglia,(he/she/it) cuts / (you) cut! / size
pietra,stone
uccello,bird / birds
sito,site / website / situated
maiale,pig / swine / pork
dubito,to doubt / hesitate
parcheggio,parking / car park / I park
serviva,to need / to plate / to serve
camicia,blouse / shirt
comportamento,behaviour / behavior / conduct / ways / actions
comodo,easier / handy / soft
montagna,mountain / pile / mountains
respirare,to breathe
uccisi,killed (p.p. of uccidere)
bianchi,A small town in the Cosenza province of Calabria / Italian surname
seguendo,to follow or pursue
costruito,to build / construct / to plan / frame
formaggio,cheese
sparo,shot / silver bream / the sound of a shot
assunto,assumed / employed / engaged / proposition
uscite,to go out / exit
sapessi,I/you knew (subj.)
facevi,(you) were having / (you) used to run around / (you) used to last
diretta,direct / live (f.)
averne,to have
spazzatura,trash
divorzio,divorce
innamorata,lover / girlfriend / sweetheart
tagliato,Divided into two equal parts diagonally from top right to bottom left / per bend sinister
maggie,bloom; prime / May (f. pl.)
possano,they can (subj.)
fatte,to do / to make
tazza,cup / pan / mug
agenzia,agency / office
volto,face / turned
intervento,intervention / presence / attendance / speech / paper / remark
creda,to believe / think
mucchio,heap / pile / crop
permettere,to allow / to let / to permit / to authorize / to entitle
salto,drop / fall / change / jump / leap / rise / drop / gap
team,teams
rimasti,To rhyme
puntate,to aim / to count on / to head
pensieri,thought / worry
soccorso,help / aid / rescue / succour / assistance / relief / aid
respiro,breathe
giuria,jury / panel of judges
modello,I mold / models / male fashion model
panico,panic / Panic / Pandean / millet
darci,to give
giornali,journal / review / newspaper office / newspaper [publication]
ombra,shady / shadow / shade
piscina,swimming pool / pool
marina,coast / navy / seascape
ricordate,to commemorate / to mention / record / to remember / recall / recollect
portate,to bear / feel / nourish / to bring / fetch / take / carry / to have / bear
tavola,table / plate / table
mezz',apocopic form of mezza / apocopic form of mezzo
trovarla,to find
carica,load / charged (f.)
salta,To blow / to fuse / To come off / to snap / to break / To dance
pensione,boarding house / pension
copia,copies
pilota,(he/she/it) flies / (he/she/it) pilots / (you) pilot
sorveglianza,supervision / surveillance
dichiarazione,declaration / announcement / statement / remark / bid / bidding
costretto,to force / to compel / to constrain / to oblige
smetti,to stop or cease
neri,male given name
limite,boundary / border / line / limit / limitation / bounds
portarlo,to bear / feel / nourish / to bring / fetch / take / carry / to have / bear
bugia,lie / stories
mettermi,to put
centinaia,hundred / about a hundred / about one hundred / hundreds / dozens
affitto,let / I rent / I rent out
appartiene,to belong to
idioti,idiotic / idiot / moron / clot
evento,event / event's
bugiardo,liar
governatore,governor
riusciti,to be able to / to manage to / to be / to prove / to find
venne,came (p.r.)
sé,oneself
daro,I will give
dono,gift
amanda,female given name
moda,fashion industry / vogue / fashions
petto,breast / chest
custodia,care / case / custody
dovra,will have to
farne,to do / to make
impressione,impression / horror / disgust
strega,witch
coso,contraption / thing / what's-his-name
malata,ill / sick / unwell / affected / sore / diseased (f.)
dimostrare,to prove / to show / to establish / to demonstrate
terreno,earthly / worldly / terrene / terrestrial / ground / field / ground
tradito,to betray / to reveal
neve,snow
veniva,was coming
impegnato,reserved / pawned / engaged
portando,to bear / feel / nourish / to bring / fetch / take / carry / to have / bear
interessi,interest / interest / concern / affairs / business
vorrai,like
speciali,curious / singular / particular / peculiar / special
odia,to hate / detest / loathe
portarti,to bear / feel / nourish / to bring / fetch / take / carry / to have / bear
ragioni,reasons
gelato,frozen / frosted / ice-cold
perfino,even / just
spara,to shoot / to fire / to shoot / to fire / to discharge / pipe up
lentamente,slowly
metterti,to put
vergogna,embarrassment / shyness / private parts
adorabile,adorable / sweet / lovely
iniziamo,to begin / to join / to incorporate
castello,forecastle / castle / castles
medici,Italian surname of a powerful and influential aristocratic Florentine family from the 13th to 17th centuries
pazienza,patience
organizzato,organized / package
sonno,sleep / slumber
trovati,finds
colleghi,colleague
toccato,touched
malapena,Only used in the adverb a malapena
nota,(you) note down / (you) note / (you) make a note of
tornando,to return / come back
conoscerla,to know [a person or place] / experience / to recognise
maschio,male / masculine / vigorous / virile / manlike / manful / manly
ascoltando,to listen
mostrato,to pretend / to show
festeggiare,let's / (to) to fete / fete
indovinare,to guess / to predict / foretell
liberi,free (m.)
attaccato,attached / glued or tied / close / devoted or dedicated / observant
togliere,unmute / takes / take
risolto,resolved (p.p. of risolvere)
sporco,lousy / dirty / cheap
pari,equal / even / rival
passate,to pass / to stop by / to pass something
sentirti,to hear / feel
voti,mark / grade / vote / ballot / votive offering
passando,to pass / to stop by / to pass something
complimenti,congratulations
miracolo,marvel / wonder / miracle
epoca,epoch / era / age / period / epoch / time / days
vicenda,affair / event / story
divertimento,divertimento / divertissement
meriti,pure / simple
volere,like / (to) wish / (to) mean
troppe,all too / only too / too
anticipo,advance / prepayment / deposit / down payment / early / time ahead
lezioni,lesson / class / lecture
giocando,to gamble / bet / to game / to play
rapina,plunder / robbery / mugging
cercavo,to look for / to try
parlava,was speaking
nazione,country / nation / country's
argomento,argument / topic / matter / subject / issue / point
sbagli,mistake / failure / goof
artista,master / artist
california,California
pillole,contraceptive pill / the pill / pill
facessi,I/you did (subj.)
firmato,to sign
alba,dawn / daybreak / break of day
telecamera,camera / video camera
auguri,best wishes
stupidi,stupid / idiot / fool / moron / clot
fase,line / stroke / phase / stage / period / level / degree / step
abito,item of clothing / suit / (I) live
suicidio,suicide
uguale,equal / same
preoccupa,to worry / to trouble / to bother
meravigliosa,marvellous / wonderful / splendid / glorious
ginocchio,knee / on one’s knees / bend
galera,galley / prison / jail / jug
ride,laughs
alberi,mast / shaft / spindle / tree
veloci,veil
familiare,familiar / confidential / familiar / well-known / family / domestic
interessato,concerned / involved / interested / selfish
feste,parties
troppi,all too / only too / too
positivo,practical / positive / plus
muovetevi,to move
andiamocene,let's go
diamine,An expression of wonder / impatience or irritation
sparire,to disappear / to vanish / to go away / to fade
invito,(I) request / (I) ask / (I) invite
onesto,fair / just / decent / reasonable / frank / straightforward
fuggire,to escape / run away
portami,door / brings
punta,bit / forward / striker / attacker / pile
tenerlo,to have / to hold / keep / to take
università,university / college / colleges
fortunata,lucky / fortunate / male given name (f.)
usciamo,we go out
stara,will be
provarci,to try on / to rehearse / to feel / experience
bosco,forest / woods
patto,pact / agreement
sale,salt / (you) come in / (he/she/it) comes in
ovest,west / western
bestia,beast
presenta,to introduce / to present
socio,member / affiliate / partner / associate / fellow
personalmente,personally
magazzino,department store / stock [of goods] / warehouse / store
b,See under B
commissione,commission / committee / board / commission / fee / charge / commission
coloro,them / they / those people
sullo,on the / on / on to
coach,coach
bastardi,bastard / bastard
vantaggio,asset / benefit / head start
spese,expenditure / to spend
mezzanotte,midnight
contanti,cash / cash / ready cash / money
morale,moral / moral philosophy / morals
avvocati,advocate / defender / intercessor / lawyer / counsel / solicitor / barrister
caspita,for goodness' sake! / good heavens!
fallito,bankrupt / unsuccessful / bankrupt
indossare,wears / wearing / puts
occupo,to employ / find a job / to occupy / take over / squat in
esperto,experienced / expert / skilled / expert / specialist / adept / insider
pensaci,thinks
onda,wave
rendi,To be profitable / To give back / to return / To make
preciso,identical / precise / accurate / faithful / specific / detailed
andrebbe,would go
saltato,To blow / to fuse / To come off / to snap / to break / To dance
fondi,deep / long-distance running / background
firmare,(to) sign / pen / put one’s signature to
totalmente,totally / completely
incubo,nightmare / incubus
babbo,dad / daddy
fattoria,farm / farmhouse
presenti,To have a presentiment of
senatore,senator / member of the Senate
conosciuti,known / well-known / The known
tasca,pouch / pocket
secolo,centuries / century / century's
cima,hawser / line / rope / cable / peak / summit
avendo,having
corridoio,aisle / corridor / passage
bersaglio,target
parlarmi,to speak / talk
vedono,they see
sorelle,sisters
chili,chi / whoever / who / whom
superare,breaks / exceed / outweighs
esistono,to exist / be
eccellente,excellent / exquisite / wonderful
originale,eccentric / odd / bizarre
muoverti,to move
stammi,stay with me
sopportare,to bear / sustain / carry / take / withstand
probabile,probable / likely / prospective
lasciala,leaves / let
credono,they believe
km,km (kilometer abbrev.)
n,See under N
riposo,standing at ease / rest / repose / break / retirement
indovina,fortuneteller / soothsayer
diverte,to amuse / to entertain
esterno,outside / outdoor
stan,they stay (apocopated)
muovere,Moving / move
concerto,performance / concert / gig
yo,yo (interjection)
buttato,to shape / to turn / to beat in
clinica,clinical medicine / clinic / clinician
champagne,champagne
maestà,majesty
episodi,episode
troverai,to find
tecnologia,technique / technology
scappa,to escape / to flee / to run away
firma,signing / (you) autograph / (big) name
americana,American woman
calmi,calm / peaceful / quiet / still
riposare,to rest / to have a rest / to take a rest / to sleep / to stand
furto,plagiarism / theft
vendita,sale / shop
togliti,to take off / to take out
dormi,you sleep
criminali,criminal / criminal
carcere,imprisonment / jail / prison
voto,vow / ballot / (I) vote (through)
rock,rock
tomba,tomb
legame,connection / relationship / tie / link / bond
mostrare,to exhibit / show / to point to
mancanza,want / absence / lack
single,single
materiale,material / physical / bodily / rough / uncouth
facesse,did (subj.)
ln,ln (math abbrev.)
superato,outmoded / overtaken
passeggiata,stroll / walks / walk
impazzire,To go mad
amen,amen; so be it / that's it; end of the story / amen!
lasciarlo,to leave / let
opportunità,broken / broke / expediency
causato,to cause
lasciarti,to leave / let
follia,folly / foolishness / absurdity / fool's errand
attività,activity / activities / asset
dirvi,to say / to tell
messi,harvest / reaping / wheat / corn / crop
trovarti,to find
divertiti,to amuse / to entertain
leader,leader
unità,unit / unity
personali,person
supporto,helper / stand / holder / support
tratti,taken / based / tract / feature / lineament
medicine,Italian surname of a powerful and influential aristocratic Florentine family from the 13th to 17th centuries
giornalista,journalist / journalists
dorme,sleeps
scala,ladder
aiutarvi,to help / assist
opportunita,expediency / advisability / opportunity / timeliness
scienza,science / knowledge
costume,A costume / A custom / habit / A swimsuit
rompere,breaks / (to) burst / (to) crack
pò,a little
scendi,to descend / get off
sembro,to seem; to look ; to appear / to sound / taste or feel
uccide,to kill
rischi,risk / chance / hazard / peril / danger
conseguenze,consequence
passione,bug / fervour / enthusiasm / passion / love / addiction
cercate,to look for / to try
olivia,female given name / cognate to English Olivia or Olive
autista,autistic / driver / chauffeur
d,See under D
essermi,to be
coscienza,awareness / conscience / consciousness
discussione,argument / discussion / quarrel
beccato,to get / pick up / to nab / to peck
profilo,profile
prete,priest
sinceramente,sincerely / honestly
vorremmo,like / want / we would like
elena,female given name / cognate to English Helen
gusto,I enjoy / I savour / I try
compiti,to finish / to complete / to turn
europa,Europa / Europe
esca,bait / lure
tunnel,tunnel
attivita,activeness / energy / activity / operation / assets
cercano,to look for / to try
assicurazione,assurance / insurance
foresta,forest
ucciderti,to kill
permette,to allow / to let / to permit / to authorize / to entitle
mappa,map / chart
palco,box / scaffold / scaffolding / stage
lieto,happy / cheerful / delighted / glad / joyous / joyful
confuso,confused / vague / unclear
manchi,not even
filo,blade / cable / wire / flex / grain
ripeto,to repeat
portarla,to bear / feel / nourish / to bring / fetch / take / carry / to have / bear
trattato,treatise / treaty
certi,complexion / wax
gioca,to gamble / bet / to game / to play
figurati,character / figure / illustration
fabbrica,manufacture / manufactures / produce
federale,federal
cieco,blind / blind person
responsabilità,liability / responsibility
messico,Mexico
lancio,throw / drop / shot
titolo,security / epithet / name
motivi,motorcycle / exercise / motion
assegno,allowance / cheque / check / draft
tornerà,to return
tizi,man / someone / guy / fellow / character / chap / dude / Tityos
belli,beautiful (m. pl.)
van,they go (apocopated)
grazia,serif / favour / kindness / grace
dicessi,I/you said (subj.)
conosceva,to know [a person or place] / experience / to recognise
sufficiente,pass / pass mark / self-important / haughty / conceited
farete,(you) will form / hold / (you) will make
calci,at the foot of / lime
egli,he
istante,petitioner / moment / instant
pene,penis
amare,(to) make love / be fond of / go
lasciar,apocopic form of lasciare
sorta,sort / type / kind
sincero,sincere
ammettere,to admit / accept / acknowledge / to bear / tolerate / brook
retta,fee / straight line
veda,see (subj.)
pulire,to clean up / done / wash
uscendo,to come out / to descend / spring / to disappear
tempesta,(he/she/it) batters / (you) storm / (you) batter
chiamiamo,we call
vice,deputy / substitute / vice
rebecca,female given name of biblical origin / Rebekah
trovano,they find
difficili,difficult (pl.)
crediamo,we believe
maschera,cinema attendant [takes tickets / shows patrons to their seats] / mask
visione,sight / view / vision
cominciamo,to begin / to start / to commence
nata,born / né
jo,I / the first person
reazione,reaction
cattivi,bad / wicked / naughty
dormendo,to sleep
eccomi,here I am
regali,gifts
sapesse,knew (subj.)
oggetto,jobs / objects / things
vivono,lifestyle / living / life / to be
esco,I leave / appear / I go out
west,West
sport,hobby / pastime / sport
vederci,to possess the faculty of sight
sfortunatamente,unfortunately / unluckily
contatti,contact
prendono,they take
sezione,dissection / division of classes in groups / division
onestamente,fairly / virtuously / frankly / honestly
segreta,dungeon
ascensore,elevator / lift / elevator's
furono,they were (p.r.)
miglia,millet / mile
rifugio,shelter / refuge
fiero,proud / fierce / proud of
spalla,shoulder / collar / shoulders
rischiare,To risk
profumo,perfume / scent / I sweeten
coincidenza,connection / concurrence
portarmi,to bear / feel / nourish / to bring / fetch / take / carry / to have / bear
alcol,alcohol
ricevere,fits / saw / to see
inventato,invented / made up / fictitious
impegno,diligence / enthusiasm / engagement / commitment / endeavour
brutte,ugly (m.)
zucchero,sugar
chiedermi,to ask / to request
giudizio,judgment / wisdom / sense / trial / proceedings / judgment / verdict
spari,shot / silver bream / the sound of a shot
pochino,A small amount; a bit; a pinch
personaggio,character / character / fellow / guy / figure / personality / personage
lacrime,tear
esami,check / control / checking / examination / test / inspection / investigation
conoscevo,to know [a person or place] / experience / to recognise
crimini,crime
usi,custom / habit / use
scemo,stupid / silly / fool / idiot
reparto,department / unit / ward
usata,second-hand / used / worn / second-hand goods
pazzesco,crazy / insane / great / fantastic / terrific / fabulous
corda,chord / cord / rope / chord
benzina,gasoline / gas / petrol
dissi,I said (p.r.)
creatura,creature / a child
fumare,(to) fume / (to) steam / (to) give off fumes
pulita,A quick clean
raccontare,recount / tell / tells
ambiente,environment / room / sphere or circle
fidi,faithful / loyal
capite,to understand
canzoni,songs
quant',apocopic form of quanta / apocopic form of quanto
garage,garage / garages
spiegazione,explanation / elucidation / interpretation / reason / lesson
disposto,disposed (p.p. of disporre)
lascero,to leave / let
proviamo,to try on / to rehearse / to feel / experience
sara',will be
confine,border / frontier / boundary
propri,really / one's own
significato,importance / significance / value / meaning / sense
letteralmente,literally
oggetti,object
ione,ion
televisione,television
baseball,baseball
sociale,partnership / company / corporate / firm / social / societal
professor,professor
struttura,accommodation
accusato,accused / accused person / accused
prendero,to take
disgustoso,sick / disgusting / grossest
specchio,mirror
venerdi,Friday
butta,to shape / to turn / to beat in
perdonami,to forgive / pardon / to forgive / pardon / excuse
dosso,bump / rise
cambiamento,changed / change / turns
svegliato,to awaken / to stimulate
proprieta,property / law / property / characteristics
venisse,to come
reputazione,good name / reputation
partenza,blast-off / departure / leaving / starting / sailing
punizione,punishment
conviene,auxiliary avere; To agree / to admit / to grant
navi,ship
organizzare,hold / organizing / promoting
portiamo,to bear / feel / nourish / to bring / fetch / take / carry / to have / bear
uccelli,bird / willy [British] / peter [US] / dick
fico,great / cool / fig / cool guy
influenza,hold / (he/she/it) affects / flu
tedesco,German
dodici,twelve
nascita,birth
scambio,exchange / trade / trading / dealings / swap / bargain
distretto,district / precinct / area / zone / recruiting office
fiera,fair(ground) / exhibition / show
incontri,towards / arrangement / encounter / meeting
palestra,gymnasium / gym / gym's
direbbe,would say
inviato,correspondent / envoy / messenger / representative / agent
universita,university
angela,female given name / cognate to English Angela
illegale,illegal / unlawful / lawless / false
big,big shot / big noise / star
bruce,grub / caterpillar (f. pl.)
starà,will be
perde,to lose
piacevole,delicious / pleasant / nice
oceano,immensity / infinity / ocean
tagliare,to cut / breaks / broke
servire,(to) to serve / (to) serve / serve
chiederle,to ask / to request
cioccolato,chocolate
farli,to do / to make
seduti,bottom / butt / seat / buttocks / bum / to sit down / take a seat
preferita,feminine form of preferito
rovinare,to collapse / to fall / to hurtle down / to crash down / to tumble
decisioni,decision / decisiveness
previsto,expected / forecast / Something expected / forecast or supposed
talmente,so
urlare,To howl / To scream or yell / To squall
dolcezza,gentleness / mildness / smoothness
pubblica,public / audience / spectator
esserne,to be
documento,papers / documents / document
desidera,To wish / to want / to like / to desire / to long
um,um (interjection)
ricchi,rich (m.)
soffrire,to suffer / to be in pain / to stand / to bear / to put up with / to allow
labbra,lip / labium
controlli,check / control / verification / examination / inspection
stronzi,bastard / shit / son of a bitch / turd
mangi,you eat
superiori,greater / higher / larger
potrò,I will be able to / I will be allowed to / I will be likely
risorse,asset / resource
biblioteca,library
tornerò,to return
settore,area / sector
robot,bot / robot
canta,to sing
portano,to bear / feel / nourish / to bring / fetch / take / carry / to have / bear
veleno,poison
ufficialmente,officially / formally
diario,timetable / journal / diary
continuate,to carry on / to continue
proprietà,property / law / property / characteristics
uguali,equal (pl.)
spiega,to explain / elucidate / expound / show / account / understand
adulti,adult / grown-up / adult
aprite,to open
stiano,to stay / to be
salvo,except / saved
studi,she studies / studied / survey
offesa,An offended person / insult / offence
online,online
legato,awkward / stiff / close / attached / involved / linked / connected / tied
metterci,to take
incontrati,to play / fight
incarico,appointment / nomination / post / errand / thing to do / task / job / mandate
ricominciare,to begin again / start again / recommence / resume
troppa,too many / too / too much
inverno,winter / winter's
agio,ease / comfort / luxury / comfort
maglietta,t / T-shirts / shirt
facevano,baked / made / kept
orgoglioso,proud
impazzito,To go mad
recuperare,to make up [time / disadvantage]
organizzazione,organizing / arrangement / organization
frase,expression / sentence / phrase
emozioni,emotion / excitement
esplodere,to explode or blow up
civile,civil / civilian / civilized / polite
biscotti,biscuit / cookie
guadagnare,makes / (to) reach / made
attore,actor
vecchie,old (f. pl.)
aiutatemi,to help / assist
sigaretta,cigarette
grasso,productive / fertile / fatty
gradi,to accept something with pleasure / to want or desire
amava,to love
pago,contented / pay / fee / price
verrai,you will come away / you will come down / you will turn out
umore,mood
mondiale,world / worldwide / world’s
rapito,kidnapped / spellbound / enchanted / entranced / rapt / A kidnapped person
ragazzini,young boy / little boy / kid / teenager
avreste,you (pl.) would have
parlargli,to speak / talk
accada,Akkadian
levati,lever / those called-up / conscripts / call-up / conscription / draft
convincere,to convince / persuade / argue / satisfy
condividere,enter / let's
riso,rice
russo,Russian
consegna,confusion / mix up / delivery / handover / consignment
finiti,ends
relazioni,account / report / connection / relation
colpire,to affect / to hit / strike
legno,wood
doc,Denominazione di Origine Controllata
eventi,event
cercava,to look for / to try
ferro,strike / iron / (I) strike
dolci,dear / gentle / mild / luscious / sooth
abiti,dress / habit / suit
studente,student / learner
dottori,doctor / graduate / Mr / Doctor
aiutarlo,to help / assist
poveri,poor (m.)
divertendo,to amuse / to entertain
raggio,ray / beam / radius
scientifica,scientific
raggiunto,to attain / gain / achieve / to reach / arrive at / get to / touch
resistenza,resistance / resistor / stamina / endurance
partecipare,(to) share / join / go
disponibile,courteous / helpful / available
estremamente,extremely / in the extreme
aspettano,to wait for / await / wait
richiamo,allure / booster / call
agire,To proceed / To affect / To act out
cerimonia,ceremony / ceremonial occasion / states
fegato,courage / liver
stretto,thin / hugged / sharp
torre,tower / rook / castle
pessima,very bad / awful / foul / dreadful
imbarazzo,embarrassment / awkwardness / obstacle / trouble / difficulty
sfida,challenge
aiutando,to help / assist
fermata,fermata / stop during travel
prenderemo,to take
cole,to drip / to run / to cast (f. pl.)
indagini,hearing / investigation / inquiry / probe / enquiry / research / search
porno,pornographic / porn / pornography
professionale,vocational / occupational / professional
stop,stop! / halt! / stop
fredda,cold (f.)
adatto,suitable or adapted for
prime,first (f. pl.)
dille,tell her
strane,strange / odd / dodgy / whimsical
brillante,vivacious / lively / diamond
potevamo,we could
droghe,drug / spice
sieda,bottom / butt / seat / buttocks / bum / to sit down / take a seat
grida,cry / call / cry / cry / shout
orso,bears / bored / bear
darsi,to happen / chance / reflexive form of dare
istinto,instinct
vegas,Vegas
dubbi,doubtful / uncertain / dubious / questionable
lascerò,to leave / let
dì,day / daytime
eva,Eve [biblical character] / female given name
tornera,to return
chiacchiere,A type of dessert in the form of fritters dusted with sugar
figura,character / figure / illustration
scoprirlo,to discover / find out / to sight; to spot / to uncover
maledetta,damned / damn / cursed / blasted / horrible / awful (f.)
deserto,deserted / desert
golf,golf
mando,to drive / to send / forward / dispatch / transmit
ringraziamento,thanksgiving / thanks / thank-you
ricordati,to commemorate / to mention / record / to remember / recall / recollect
fantasmi,ghost / spectre / illusion
staro,I will be
blocco,bloc / coalition / blockade / block
considerato,esteemed / prudent / cautious / careful
dovrete,you'll have to / will have to
metro,criterion / metre / yardstick
inizi,beginning
splendida,splendid / brilliant / glorious / magnificent
gliene,about it/them to him/her/it/them / some to him/her/it/them
intanto,anyhow / but / in the meantime / meanwhile / while
dovuta,had to
diventi,to become / go / to grow
cio',that / this
cammina,walk / gait / walking / to proceed
prenderò,to take
alti,tall (m. pl.)
progetti,plan / project / design / scheme / lay out
zombie,zombie
grossi,Italian surname
ammazzo,to kill / murder
prodotto,produced / borne / generated
pensavamo,to think
fingere,To dissemble / To pretend or feign
prendilo,you take
succeda,to happen / to succeed
quadro,painting / painting's
circostanze,circumstance
lassù,up above / in heaven / up North / up there
benvenuta,welcome
presentato,to introduce / to present
aperti,open / opened
preside,dean / principal
crudele,cruel
becco,beak / bill / billygoat / burner
parleremo,to speak / talk
esseri,to be
delitto,crime / offence / felony / misdemeanour / murder / homicide / sin
febbre,cold sore / fever / temperature
rossi,Italian surname The most popular surname in Italy
sentirlo,to hear / feel
averci,to have
spinto,pushed (p.p. of spingere)
armadio,closet / wardrobe / armoir
battere,To beat / To prostitute
olio,oil / (I) oil
mutande,pants / underpants
professionista,professional / professional / pro / professional / pro
arriviamo,to come / to be placed / to arrive / to come / to reach
rinforzi,strengthening / stiffening / reinforcement
notti,nights
parlate,you (pl.) speak
capirlo,to understand
cina,China. Official name: Repubblica Popolare Cinese
aggressione,aggression / attack / assault / mugging
mangio,I eat
vetro,glass / pane / windowpane
falla,leak
sistemato,to accommodate / lodge / put up / fix up
racconti,story / tale / short story / account
stupendo,wonderful / stunning / marvelous
elicottero,helicopter
consigli,advice / council
mistero,mystery / enigma / secret / puzzle
cadaveri,corpse / body
nastro,ribbon / tape
gigante,huge / giant / gigantic / colossal / giant
datemi,you (pl.) give / date
negativo,negative / negative
resistere,To endure / To resist / To withstand
giocato,to gamble / bet / to game / to play
chiara,egg white
penna,feather / pen
prenditi,you take
cameriera,chambermaid / (house)maid / waitress
dannata,damned soul
teste,heads
viviamo,lifestyle / living / life / to be
condizione,condition
miliardi,billion
alibi,alibi
assassini,a murder / an assassination
fortunati,luck / fortune
poterlo,to be able / can
u,See under U
disco,disc / CD / drive
moltissimo,very many / very much
prendersi,reflexive form of prendere / to grab or seize one another
offro,to offer / treat
cresciuta,To grow / increase or expand / To grow something / to cultivate
tornero,to return
caroline,Carolingian (f. pl.)
valigia,suitcase / bag / bag's
smettetela,to stop or cease
coda,queue; line / tail
fidarti,to have faith [in something or someone]
urgente,urgent / expedited
pistole,pistole / pistol / gun
potro,I will be able
rifiutato,to refuse / to decline / to reject
funzioni,function / service / function
corretto,proper / corrected / rectified
tratto,taken / based / tract / feature / lineament
rivederti,to backtrack / to overhaul / to return to / go back to
cassetta,box / case / crate / cassette
improvvisamente,suddenly
chieda,to ask / to request
sottofondo,background
sistemi,method / process / system
mettono,they put
russi,Russian / Russian / The Russian language
splendido,splendid / brilliant / glorious / magnificent
giri,circulation / detour / rounds
lontani,far
tedeschi,Germans
normali,instruction / direction / model / form / pattern / rule / custom
litigare,arguing / fell / to argue
percorso,course / distance / journey
battute,beat / beating / cue
confronti,collation / comparison / confrontation
prigionieri,imprisoned / captive / prisoner / captive
germania,Germany. Official name : Repubblica Federale Tedesca
vere,true (f. pl.)
puttane,bitch / whore / slut / hooker / tart [British]
giovanotto,Young man; a youth
velocità,sprint / speed / velocity / rate / pace / rapidity
marcia,gear / march / racewalking / speedwalking
orario,per hour / hourly / timeschedule
commissario,commissioner / steward / superintendent
scappata,dash / short run / visit
deluso,disappointed
ditemi,you (pl.) say
federali,pillowcase
completa,complete / absolute / total / complete / entire / full / whole / 2-piece set
saggio,wise / assay / display
avevate,you (pl.) had
antonio,male given name / cognate to Anthony
sposarmi,to embrace / espouse / join
miele,honey
romantico,romantic
fregato,swindled / taken in / ripped off
marco,mark / male given name / equivalent to Mark / Mark [biblical character]
conferenza,prelection / conference / lecture
straordinario,extraordinary / extraordinary thing / overtime
sciocco,silly / foolish / stupid / daft / tasteless / insipid / saltless / unsalted
tecnicamente,technically / technologically
prigioniero,imprisoned / captive / prisoner / captive
finto,artificial / false / imitation
noioso,troublesome / dry / boring
accetto,welcome
folla,rabble / press / crowd
stress,stress / pressure / strain
trasferito,to convey / transfer / to transfer / move / remove / shift
piantala,[in a shoe or foot] sole / map / plant / tree
segretario,committee secretary / secretary / leader
gia',already
demone,demon
bevo,I drink / drink
sciocchezze,foolishness / silliness
buffo,funny / comical / amusing / playful / strange / odd
tenuta,held / estate (f.)
occupata,occupied / busy / engaged
cucinare,to fix / to cook / cooking
pericolosa,dangerous / risky / insecure / unsafe
destro,right
eroina,heroin [drug] / heroine
oscuro,dark / gloomy / sombre / humble
scritta,written (f.)
serva,servant / maid
mira,aim / aim / goal / purpose / design / objective / sight
salsa,dip / condiment
torto,twisted / bent / crooked / wrong / injustice
geniale,brilliant / inspired / genius
nervosa,irritable / touchy / cross / nervous / nerve
zoe,namely / that is to say
fiamme,flame / flash / pennant / pennon
chiamarti,to call
montagne,blizzard / mountain
conferma,avowal / confirmation
cari,dear (m. pl.)
extra,extra / select / extra
sapevamo,we knew
studiato,affected
preparando,to coach / train / groom / to prepare / make ready / get ready / arrange
orecchio,ear / (I) eavesdrop / (I) have a nodding acquaintance of
campi,to paint in
assicurati,to assure / guarantee / to ensure / provide / to insure / assure
precedente,earlier / record / precedent
innocenti,Italian surname
anne,year (f. pl.)
nudo,naked / nude / bare / nude
fermarlo,to close / to stop
parenti,a relative or relation / sibling
ascoltato,to listen
tragedia,tragedy
figlie,daughters
ritornare,return / (to) go back / (to) come back
responsabilita,liability / responsibility
preoccuparsi,worry / worries
richiesto,required / needed / popular / in demand / sought-after
servito,to need / to plate / to serve
disposizione,disposal / disposition / arrangement / placing / mood
mettilo,you put
pesci,Pisces / Pisces
andar,to go (apocopated)
bassa,low (f.)
territorio,jurisdiction / precinct / territory
raccogliere,caught / takes / take
chef,A chef; head cook
combattimento,battle / fight / match
bruciato,burnt
larga,wide (f.)
morso,bite / bit / nibble
usano,to use something
piatti,flat / dish / cymbal
incastrato,to drive [a nail] / to embed / to engrain
nina,baby (f.)
realmente,really / actually
cretino,cretinous / cretin / moron
vasca,bathtub / tank / tub
contea,county / earldom
fottuta,to dupe / trick / con; to fuck over / to fuck / screw
stronzata,rubbish / shit / bullshit
arrabbiare,to have rabies; to be rabid
limiti,to file / to polish / perfect [text]
entriamo,to enter / to go in
andasse,went (subj.)
simpatico,pleasant / likeable / nice
portati,door / brings
delizioso,delicious / tasty / yum
fottiti,to dupe / trick / con; to fuck over / to fuck / screw
coraggioso,courageous
ricordato,to commemorate / to mention / record / to remember / recall / recollect
registrato,adjusted / set / incorporated / recorded / registered / logged
assicurarmi,to assure / guarantee / to ensure / provide / to insure / assure
cittadini,town / city / civic / urban / burgess / citizen / subject
africa,Africa
potenza,thickness / power / potency
costo,cost
onesta,fairness / honesty / virtue / chastity
canale,duct / canal / canal / channel
uniforme,unchanging / unvarying / monotonous / uniform / uniform / dress / habit
barba,beard
tramite,intermediary / link / way / means / vehicle / by / through / using
e-mail,e-mail address / e-mail
quanta,how much
mezzi,half (m.)
primavera,spring / youth team / springtime
visite,visit
alza,to build / to erect / to lift / to raise / to heave
lasciarla,to leave / let
salutare,saw / (to) welcome / (to) to say hello to
vuota,empty (f.)
preferisci,you like better / prefer / do you prefer
dirà,will say
figa,cunt / pussy
staremo,we will be
apre,opens
sconosciuto,unknown / unfamiliar / unidentified / unexplored / obscure
ebbene,well
stanze,rooms
argento,silver
geloso,jealous
incantesimo,spell / charm / enchantment / beguilement
maesta,majesty
arriverà,to come / to be placed / to arrive / to come / to reach
colloquio,job interview / interview / talk
udienza,audience / conversation / hearing
inglesi,English / Englishwoman / English
dicevi,says
presentare,hands / offers / offered
fisica,physics
tappeto,rug / carpet
eccitante,exciting / thrilling / stimulating / stimulant
miseria,spiderwort / trouble / evil / suffering / pittance / trifle
accadere,to happen
han,they have (apocopated)
cognome,family name / surname / last name
esser,to be (apocopated)
corto,short / brief
conosciuta,known / well-known / The known
commerciale,commercial / trade / trading / business
lavorano,To run or operate / To work / To cultivate
esistenza,existence / life
furbo,cunning / sly / wily / crafty
giocatore,player / gambler
set,set
lasciando,leaving
manager,manager
offre,to offer / treat
chiamando,to call / to dub / to name
novità,news / freshness / novelty
vampiro,vampire / vampire bat
soggetto,subject / dependent / subject / prone / exposed
chissa,maybe / perhaps / who knows?
chiamarlo,to call
odi,ode
muove,to move
rivista,inspection / magazine / review
cattive,bad / wicked / naughty (f. pl.)
museo,museums / museum / museum's
troverò,to find
appassiona,To grip / move or fascinate
brav',good / well done (elided)
vedevo,I was seeing
passiamo,to pass / to stop by / to pass something
pessimo,very bad / awful / foul / dreadful
credeva,to believe / think
prossimi,next (m.)
uccido,to kill
trovero,trouvère
amano,they love
servira,to need / to plate / to serve
equipaggio,aircrew / crew
cassa,cash desk / cash register / cashier
diglielo,tell it to him
tenete,to have / to hold / keep / to take
essersi,To exist; to be
minima,minimum / minim / half-note
zuppa,soup
metterlo,to put
lottare,to fight / to struggle
immaginavo,to imagine / picture / fancy / conceive
matematica,math
orgoglio,pride
volontà,will / volition
succo,juice
restate,to remain / to stay
massa,crowd / mass
patatine,chip / French fry
scelte,choice / chosen (f.)
cintura,belt / band / bands
lavoriamo,To run or operate / To work / To cultivate
traditore,traitor
ebrei,Hebrews
sigarette,cigarette
andranno,go / let / going
adora,To adore or worship
guardarmi,to look / watch
procedura,procedure
cavo,cable / cord
mentale,mental / genial / mental / mentalis / mentalis muscle
offrire,(to) to give / hands / offers
collegamento,hook-up / bridges / link(-up)
capi,bosses
aggiungere,throws / join / puts
immaginato,to imagine / picture / fancy / conceive
peggiori,the worst / worse / the worst
party,party
quindici,fifteen
annuncio,advertisement / ad / advert / announcement / notice / news / male given name
panino,sandwich / sandwiches
attraente,appealing / attractive
sospetti,suspected / suspicious / suspect / questionable / suspect
dira,will say
tradimento,adultery / infidelity / betrayal / treason / treachery / cheating
accorto,shrewd / noticed
cartello,A shop sign / A sign / a notice / a placard / a signboard
mosca,fly / Moscow
fisico,physical / physicist / physique
ripreso,to revive / to resume / start again / begin again / go back
madame,madam / The police
divisione,division
pancia,pot / stomach's
veicolo,carrier / vehicle
raccolto,harvest / collected (p.p. of raccogliere)
rinunciare,to renounce / resign / waive / to renounce / give up / abandon / forgo
proiettili,Italian surname
facciano,they do (subj.)
autorità,authority / prestige / influence
vergine,blank / virgin / virgin / maiden
ubriaca,feminine form of ubriaco
litigato,to litigate / to quarrel / fight / fall out / argue / squabble
usciti,door / doorway / entry
vacanze,holiday [British] / vacation [US]
gesto,a gesture / an act / a gesture / a sign / a movement
dopotutto,after all
conoscono,they know / knew / they meet
email,email / emails / mails
pura,pure
meraviglia,wonder / astonishment / amazement / surprise
fatelo,you (pl.) do / make
arrestare,stopped / stop
largo,wide / loose(-fitting) / deep
miami,my / mine (f.)
adulto,grown-up / mature / adult
colori,to colour / to embellish or enliven
auguro,to hope / to wish
infanzia,childhood / babyhood / infancy / children
scegli,to choose
gabbia,cage / hutch / clink / crate / skip
sognato,dreamt / wished for
cambiata,to change / to exchange
bambine,girls
avventura,(he/she/it) ventures / (you) venture / adventure
vorranno,(they) will want / like / liked
intervista,interview
fidarmi,to have faith [in something or someone]
resa,productivity / reckoning / return
pianto,bed
nascosta,hidden
attacchi,attack / assault / attack / criticism / junction / connection / join
serpente,snakeskin / snake / serpent
appunto,note / (I) note (down) / (I) point
piange,cries
combinato,arranged / rigged / fixed / combined / joint / concerted
gioielli,jewel
tornerai,to return
fiato,breath
sabbia,sand
gatti,cat / tom / tomcat / Italian surname
locali,to let / rent / hire
possesso,mastery / property / estate / possession / ownership
capitolo,chapter
scrive,writes
osso,bone / stone / pit
italia,Italy
foste,you (pl.) were (p.r.)
piangendo,to weep / cry
notare,note / caught
indossa,To put on / don or wear
vampiri,vampire / vampire bat
giapponese,Japanese
frutta,fruit
viveva,lifestyle / living / life / to be
mettete,to put
spagnolo,Spanish
apposta,on purpose / intentionally / specially
segui,to follow or pursue
bla,bla (filler)
superficie,area / surface
ufficiali,To officiate
nascondendo,To hide or conceal something
istruzioni,education / schooling / instruction / teaching
volentieri,willingly / gladly / with pleasure
continuiamo,to carry on / to continue
curioso,strange / stranger / peculiar
girato,endorsed / turned
felicità,happiness
fresca,cool / fresh (f.)
album,album / scrapbook
pasto,meal / fed
comincio,to begin / to start / to commence
abbi,to have
nozze,wedding
giurato,sworn / juror / juryman
chiusi,closed (p.p. of chiudere)
farmaci,medicine / medication / drug
denuncia,complaint / notice / denouncement / registration
novita,item of news / novelty
picchiato,to beat / to knock / to thump / to tap / to bang / to insist
uccidendo,to kill
sospeso,suspended (p.p. of sospendere)
canto,corner / side / singing
pacco,package / packs
riserva,emergency fuel / reservation / condition / proviso / reserve
coperta,blanket / cover / bedspread
cammino,walk / gait / walking / to proceed
registrazione,adjustment / check-in / entry
incredibilmente,incredibly / unbelievably / fantastically / amazingly
concentrati,to concentrate / focus / to gather / assemble / bring together / merge
strani,strange / odd / dodgy / whimsical
leggenda,legend / old wives' tale
amavo,to love
eccezionale,banner / exceptional / extraordinary / special / remarkable
telefilm,A single episode of a television series
egoista,selfish
sano,(I) cure / (I) balance / health-giving
identita,identity
busta,bag / folder / envelope
femminile,female / feminine / womanish / womanly
occupa,to employ / find a job / to occupy / take over / squat in
alzare,to build / to erect / to lift / to raise / to heave
grato,grateful
catturato,To capture or catch
scopare,to screw / fuck / ball / to sweep / broom
danza,a dance
arrivera,to come / to be placed / to arrive / to come / to reach
scorta,escort / supply / hoard
parto,Parthian / childbirth / labour / parturition / Parthian
cancello,gate / fence
riprendere,to revive / to resume / start again / begin again / go back
chiamarla,to call
viaggiare,get / got / to travel
anime,soul
richiede,to ask again / to ask for / demand / apply for / to request / exact / demand
na,na (filler)
ipotesi,hypothesis
battuto,beaten / struck / defeated / overcome / beaten / coined / minted
giudicare,to judge / to judge
preparati,to coach / train / groom / to prepare / make ready / get ready / arrange
bombe,rounded
spetta,to be due / to be up to
bibbia,bible / Bible
potevano,they could
conte,count / earl / rabbit / coney
bici,short word for bicicletta: bike
perdonare,to forgive / pardon / to forgive / pardon / excuse
confessione,confession / denomination / creed
singolo,single / individual / singles match
persi,pear [the fruit] / fix
russia,Russia
piaccio,pleased to meet you / delight / favour / kindness
sapevano,they knew
cavaliere,a gentleman / a knight / an escort or partner
aula,classroom / courtroom / room / hall
burro,butter
venerdì,Friday
italiano,Italian / italians
mettersi,wears / get / puts
top,top
produzione,makes / run / make
abbandonare,gave / run / throws
impresa,business / company’s / firm
ringraziare,thank / say thank you
programmi,software / application / program / routine / platform / manifesto / program
scrittore,writer / author
velocita,sprint / speed / velocity / rate / pace / rapidity
addirittura,directly / even
poesia,poem / piece of poetry / verse
marie,male given name / cognate to Marius (f. pl.)
intenzioni,intention / intent / purpose / mind / wish
sinistro,left
riescono,to be able to / to manage to / to be / to prove / to find
veniamo,we arrive / we come
croce,cross / cross
calore,fervour / glow / heat
deposito,depositing / banking / storage
dr.,Dr.
riesca,to be able to / to manage to / to be / to prove / to find
buttare,throw away / let's
darà,(he/she/it/you) will set / return / (he/she/it/you) will devote oneself
truppe,group / band / troop / troops
nobile,aristocratic / noble / titled / noble / noble / lofty
sposo,groom
spieghi,to explain / elucidate / expound / show / account / understand
impegnata,busy / occupied / committed / pawned
funzionano,to work / to function
comporta,to involve / to imply / to entail
confermato,to confirm
torneremo,to return
pesca,she fishes / find / it catches
muori,you die
reverendo,reverend
elezioni,choice / election
possibilita',opportunity / chance / occasion / possibility
bagagli,luggage
successa,happened (f.)
minacciato,to threaten / to menace
menti,to lie
creature,creature / a child
fresco,cool / fresh / wet
tasse,tax / duty / dues
attrice,player / actress / actor
scrivi,you write
campioni,champion / sample / model / champion / ace / master
stavate,you (pl.) were
militari,army / military / serviceman
plastica,plastic
verrò,I will work out / I will come down / I will come in
dispositivo,device / mechanism / appliance
giappone,Japan
salva,volley / discharge / round / salvo / salute
finestre,window
riconosciuto,acknowledged / recognized
espressione,feeling / expression / look / countenance / expression / expression
sapore,taste / flavour
starò,I will be
potessimo,to be able / can
versi,true (f. pl.)
branco,flock [of sheep] / gang [of people] / pack [of wolves]
tocco,bruised / touched / mortarboard
florida,Florida
conosca,to know [a person or place] / experience / to recognise
mister,coach / mister
disagio,embarrassment / awkwardness / unease / inconvenience / trouble
parlami,speaks
coma,coma
inquietante,disturbing / disquieting / alarming
disegno,(I) draw / (I) plan / scheme
tenerla,to have / to hold / keep / to take
atmosfera,mood / feel(ing) / air
spostati,to change / postpone / to move / shift / displace / budge / get off
fatica,bother / trouble / effort / exertion / difficulty
volante,flying / freelance / loose
chance,chance
saluti,health / cheers
dritta,starboard / right / right hand
cancellato,crossed out / erased / removed
esagerato,exaggerated
impero,empire
temperatura,temperature
immagina,to imagine / picture / fancy / conceive
scimmia,simian
dimentica,forgetful / oblivious or unmindful
servirà,to need / to plate / to serve
topo,mouse-colour / mouse
bimbo,child / baby
andatevene,go away (pl.)
secoli,along / with oneself
catena,bond / fetter; subordination / repression / chain / tether
elegante,elegant / smarter / smart
femmina,female
sete,thirst
racconto,story / tale / short story / account
coglioni,sucker / fool / testicle
fermarmi,to close / to stop
regista,directors / film director / director
ruota,wheel
spiegato,to explain / elucidate / expound / show / account / understand
rifiuto,refusal / declination / rejection / denial
battito,beat / beating / throb
ammazzare,to kill / murder
civili,civil / civilian / civilized / polite
flotta,fleet
uccidi,to kill
rivedere,to backtrack / to overhaul / to return to / go back to
ahi,ah! / ouch!
spostare,to change / postpone / to move / shift / displace / budge / get off
imbecille,fool / idiot / stupid / moron / imbecile / fool / idiot / clot
attaccare,makes / driven / fell
allenamento,coaching / shape / condition / training / practice / workout
paghi,contented / pay / fee / price
sodo,hard / firm
massima,maxim / maximum
patate,potato / pussy
infarto,infarction / infarct / heart attack
casini,brothel / casino / hunting lodge
ossigeno,oxygen
sorprende,to surprise / astonish / amaze / to surprise / catch / catch out
affetto,affected / affection / The object of one's affection
convinta,convinced (f.)
colpita,to affect / to hit / strike
buca,hole / pit / pocket
combattuto,hard fought / uncertain / undecided
questioni,argument / quarrel / question / issue / matter / point
testimoniare,to give evidence / to testify
dispiacerebbe,disappointment / grief / regret / sorrow
fermarti,to close / to stop
ladri,thieving / dishonest / burglar / thief
trauma,trauma
rimanga,to remain
riportato,to carry / to bring again / bring back / take back / carry back
indizio,clue / evidence / symptom / sign / indication
x,x; the 24th letter of the Latin alphabet
spezzato,broken / broken up / A man's two-piece suit
dl,dl (deciliter)
sessuali,sexual / sex
tiri,fire / puff / sniff
vent',twenty (elided)
shock,shock
migliorare,makes / made / perfecting
lunedi,Monday
ucciderla,to kill
condannato,condemned / convicted / prisoner / convict
nasconde,To hide or conceal something
pagano,pagan / pagan
significhi,to mean / to signify
perdoni,to forgive / pardon / to forgive / pardon / excuse
sentirsi,felt / feel
identità,identity
cure,accuracy / care / cure
go,go
potrete,you will be able to / you can / you shall be able to
ministero,ministry
sensi,direction / consciousness / meaning
morirai,to die
tubo,pipe / tube
badare,look / looking
cabina,beach hut / cabin / cab
cacciato,to hunt / to prey on / to hunt / to shoot / to snare
semplici,simple / simple person / simpleton
vedervi,to see
gliela,to her it / to him it / to you it
soci,member / affiliate / partner / associate / fellow
pietà,piety / pity / compassion / godliness
acque,water
demoni,demon
accompagno,to accompany / add / match / to go with / come with / accompany / escort
tempio,temple
trenta,thirty
mortale,mortal / fatal / lethal / deadly / deathly / deathlike / deadly / deathly
mago,magic / conjurer / juggler / fortuneteller
pugni,fist / fistful / handful / punch
carro,Any means of transport used to carry goods; a wagon / cart / van / lorry / wain or truck
tema,fear / stem / theme / subject
riportare,to carry / to bring again / bring back / take back / carry back
fiore,flower / bloom
st.,St. (abbreviation)
occupi,to employ / find a job / to occupy / take over / squat in
esperimento,experiment / test / trial / examination
dimenticata,forgotten / godforsaken
gomma,eraser / rubber / gumma / rubber / india rubber / caoutchouc
muoviamoci,to move
tatuaggio,tattoo
whisky,whisky / whiskey
qualità,quality
dollaro,buck / clam / dollar
reato,offence / crime
investito,to assail / to crash / run over [in a car / etc.] / to invest
dipinto,portrayed / painting / depicted
qual',"which (elided, non-standard)"
vicolo,alley / alleyway
capacità,capacity / capacity / ability / skill
noto,well-known / known / famous / notorious / the known
dott.,Dr
patente,obvious / licence / permit
riuscirai,to be able to / to manage to / to be / to prove / to find
villa,villa / mansion
giochiamo,to gamble / bet / to game / to play
anniversario,anniversary / birthday's
finisci,to finish / to end / to finish
sapendo,knowing
trovava,to find
pieni,full (m.)
stupro,rape
potenziale,potential / potential / power / capability / potentiality
parlavo,I was speaking
scrivendo,to spell / to write
cuori,hearts
coinvolta,To involve or implicate someone
testimonianza,deposition / testimony / evidence / proof
standard,standard / standard
tienilo,to have / to hold / keep / to take
dovevano,they had to
nuotare,swimming / to swim / swim
premi,bonus / premium / prize / award
tende,awning / sunshade / sunblind / curtain / blind / shade / tent
guadagnato,to rise / to earn / make / to gain / get / win / reach
cortesia,courtesy / favour
scoperta,detection / discovery / find
comitato,committee / board
strategia,strategy
cultura,knowledge / crop / culture
diversamente,in a different way / differently / otherwise
confusione,bustle / confusion / stir / noise / confusion / chaos / mess / medley
obiezione,objection
iniziando,to begin / to join / to incorporate
cavoli,hollow / cable / hollow / cavity
mangiamo,we eat
simbolo,symbol / sign / emblem / icon
linguaggio,language
tradizione,handing over / tradition / legend
minore,minore / minor / younger
schermo,screen / screens
cameriere,server / waiter / waiter's
fantasia,imagination / fantasy / whim / fancy / pattern
bastone,stick / cane / staff / pole
francesi,French / French / French language
portatelo,door / brings
polso,cuff / pulse / wrist
dicevano,they were saying
possiede,to master [a subject / a language / etc.] / to possess / have / own
armato,armed / equipped / reinforced
j,See under J
settembre,September
mancata,abortive / unsuccessful / failed / lost / wasted
sostegno,supporter / support
bloccata,to blockade / to block / block up / block off / to freeze
neanch',apocopic form of neanche / apocopic form of neanche
sbagliate,to goof / to make a mistake
controllando,to audit / to check / verify / inspect / examine / to control / dominate
gentiluomo,gentleman
dara,will give
classico,conservative / classical / typical
chirurgo,surgeon
istituto,college / department / institute
progressi,progress / progression / development / growth / improvement / advancement
magico,enchanting / magic
informato,to inform / tell / report / notify
eliminare,to eliminate
pagine,page [of a book / etc.]
sembrato,to seem; to look ; to appear / to sound / taste or feel
collegato,allied / united / associated
segue,to follow or pursue
fedele,fast / true / faster
vacci,go there
ripetere,retake / repeat / to repeat
viaggi,journey / trip / tour / voyage / travels / travel / travelling
spiego,to explain / elucidate / expound / show / account / understand
trovarci,to find
mandi,to drive / to send / forward / dispatch / transmit
accetta,hatchet
spinta,push / pushed (f.)
difficoltà,difficulty
taci,silence / to be silent / to keep quiet
licenza,licence / permit / pass / permission / leave
diane,give (subj.)
profondamente,deep / deeply / deeply / profoundly / intensely
cappotto,overcoat / coat / coats
funzionera,to work / to function
staff,staff
caos,chaos
rubata,to steal (f.)
dichiarato,avowed / explicit / professed / reported
evviva,hooray
finchè,Common misspelling of finché
finirà,to finish / to end / to finish
identificato,to identify
tono,shade / tone
spesa,expenditure / cost / expense
nuda,naked / nude / bare / nude (f.)
puro,pure
togli,to take off / to take out
insegnare,(to) teach / teaching / taught
prostituta,prostitute / hoe / hooker
coprire,to heap / to cover
rapimento,kidnapping / abduction / ravishment / ecstasy / rapture
collezione,collection / series / assortment
trattamento,service / treatment
brucia,To burn
preparo,to coach / train / groom / to prepare / make ready / get ready / arrange
sopravvissuto,survived (p.p. of sopravvivere)
entrati,to enter / to go in
aumento,(I) extend / (I) increase / paid
debiti,due / proper / debt
cassaforte,safe
targa,nameplate / number plate / license plate / plaque
tenendo,to have / to hold / keep / to take
sperare,trust / (to) hope / hopes
sintomi,symptom / sign
comporti,to involve / to imply / to entail
prepara,to coach / train / groom / to prepare / make ready / get ready / arrange
coperto,cover charge
saluto,greetings / regards / hello / good morning / good night / goodbye / farewell
riavere,To have something again
brindisi,toast / salute / Brindisi / Brindisi
famosa,famous / well-known / renowned / infamous / notorious
piaciuta,pleased to meet you / delight / favour / kindness
porterò,to bear / feel / nourish / to bring / fetch / take / carry / to have / bear
temporale,temporal / of time / temporal / time / temporal
considerazione,remark / comment / thought / consideration / reflection / thought
ringraziarti,to thank
riusciremo,to be able to / to manage to / to be / to prove / to find
scopri,to discover / find out / to sight; to spot / to uncover
ricca,rich (f.)
finche',Common misspelling of finché
ebreo,Hebrew / Jewish / Hebrew / Jew
ammetterlo,to admit / accept / acknowledge / to bear / tolerate / brook
lana,wool
seno,sinus / breast / bosom / heart / breast
mangiando,eating / food / scoff
cade,to die / to drop / crash / to fall
violento,tough / her / hard
isolato,insulated / isolated / secluded / cut off / remote / lonely
ritrovato,recovered / rediscovered / discovery
beve,drinks
atteggiamento,attitude / behaviour / ways / position / stance / air / pose
frigo,fridge / refrigerator
distrutta,distraught / tired / stuffed
chiederlo,to ask / to request
rovina,bane / ruins / remains / debris / mess
popolare,to spook / folk / people
dispiaciuto,disappointment / grief / regret / sorrow
accade,to happen
leone,Leo / the Zodiac sign for the lion / covering July 23 - August 22 / lion
operazioni,operation / process / surgery
scuole,schools
corona,corona / coronet / crown
restano,to remain / to stay
occupati,to employ / find a job / to occupy / take over / squat in
comunicazione,communication
insalata,salad
tengono,to have / to hold / keep / to take
boom,A boom / A boom / rapid expansion / A boom
segreteria,office of a secretary / secretaire / secretariat
coca,Coca (Coca-Cola)
unione,cohesion / combination / blend / union
fidare,to have faith [in something or someone]
scatole,box / tin / can
spiacente,sorry
ideale,ideal / ideal
resisti,To endure / To resist / To withstand
batteria,drum kit / battery / drums
occuparmi,to employ / find a job / to occupy / take over / squat in
continuamente,continually / continuously / nonstop
portalo,door / brings
termini,end / close / term / term / condition / main point
uccideranno,to kill
uovo,egg
ritmo,rhythm
polmoni,lung
evidente,obvious / evident
armata,army / fleet
amata,loved (f.)
impatto,impact [in all senses]
consulente,consulting / adviser / consultant
accento,accent / stress / tone
eccome,certainly / rather
condanna,condemnation / sentence
baci,shady / kiss / shade
filmato,A short film
ricompensa,return / payments / returns
alicia,male given name (f.)
speranze,hopes
storto,buckled / warped / crooked / twisted / bent
desidero,To wish / to want / to like / to desire / to long
fotografia,photography
sms,text message
stipendio,salary / paid / (I) pay (a salary to)
rappresenta,to run / show / to act / play / stage / give
esserti,to be
svegliata,to awaken / to stimulate
spento,switched off / dead / off
appuntamenti,appointment / date / rendez-vous
pazzia,madness / lunacy
spaventoso,frightening / spooky / ugly
addestramento,training
diamanti,diamond / The crown of an anchor
tecnica,ability / technique / technic
nucleare,nuclear / nuclear industry / nuclear power
crema,upper crust / custard / cream
antica,ancient (f.)
facevamo,made / kept / left
acceso,strong / live / stronger
dammelo,give it to me
sparatoria,A gunfight or shootout
verro,boar
teniamo,to have / to hold / keep / to take
angeli,angel / male given name derived from Latin Angelus
dettaglio,(I) itemize / (I) detail / particular
sbirri,cop
botte,barrel / cask
politico,political / calculating / politician
cambi,change / exchange / gear
attentamente,carefully
notevole,considerable / sizeable / notable / noteworthy / remarkable
colui,his / he / him; that man
segretaria,secretary / secretaries
tocchi,bruised / touched / mortarboard
india,Indian / India / : the Indies
scherzare,to gamble / trifle / play / to joke / jest / be funny
aggredito,victim
tumore,tumour / tumor
daremo,give / present / (we) will give
complice,accomplice
proteggerti,to protect
assumere,assume / takes / take
boss,boss
telefonate,to telephone ; to make a phone call
hanna,they have (f.)
procedere,to proceed / prosecute / to behave / act / to go on / carry on / continue
interessata,concerned / involved / interested / selfish
cancellare,wash / wears / write
immaginazione,imagination / fancy
metodo,method
sopporto,to bear / sustain / carry / take / withstand
suoni,sound
capisca,to understand
stretta,grip / tight (f.)
tenda,tent / curtain / sunshade
diventano,to become / go / to grow
raccolta,collection / collecting / gathering
viste,sight / seen (f.)
trasferimento,conveyancing / transfer
tenerti,to have / to hold / keep / to take
cugina,cousin / cousin's
pastore,minister / pastor / parson / shepherd
attraversare,navigate / crossing / walks
andavo,I was going
dimostrato,to prove / to show / to establish / to demonstrate
misura,beat / measure / measurement / moderation
finisca,to finish / to end / to finish
trasformato,changed / altered / transformed
scrivo,I write
eroi,hero
autorita,authority / prestige / influence
usiamo,to use something
sederti,bottom / butt / seat / buttocks / bum / to sit down / take a seat
consegnare,hands / gave / get
pregare,to pray / to beg / to pray to something
rifiuti,refusal / declination / rejection / denial
coniglio,rabbit
confronto,collation / comparison / confrontation
unici,one
assistenza,assistance / attendance
metterla,to put
benedica,to bless / to consecrate
telefoni,telephones
roccia,rock / rock climbing
cravatta,tie
stupide,stupid / idiot / fool / moron / clot
sapremo,know / (we) will know / (we) will hear
tal,such (apocopated)
spagna,Spain
movente,motive
fottuti,to dupe / trick / con; to fuck over / to fuck / screw
difendere,to defend
speso,spent
abbassa,to lower / to press down on a pedal
spaziale,space / spatial
cocaina,cocaine
portava,to bear / feel / nourish / to bring / fetch / take / carry / to have / bear
unghie,nail / claw
chiamero,to call
cantina,wine bar / cellar / basement
medica,medical
continuano,to carry on / to continue
livelli,grade / level / standard / level
porterà,to bear / feel / nourish / to bring / fetch / take / carry / to have / bear
normalmente,normally / usually
fallimento,bankruptcy / failure / flop
aerei,aerial / aeroplane [British] / airplane [US]
temere,to beware / to fear
liberare,to clear / vacate / free
interrogatorio,interrogation / questioning / examination
liberato,to clear / vacate / free
registri,register / book / log / registry / ledger
gruppi,peloton / group / cluster / party / team / covey / band
appunti,To sharpen
carattere,characteristic / trait / character
stando,staying / being
vincitore,winner
dose,deal / dose / quantity / amount / measure
abita,to reside / to live in / or inhabit a place
curare,to edit / to look after / to treat or cure
mollare,to break wind / to cast off [a ship] / to drop
cerchio,circle
trattare,to be about / to deal with / to treat
catturare,To capture or catch
ragionevole,reasonable / sensible
terroristi,terrorist / terrorist
prodotti,products / produced (m. pl.)
altrove,elsewhere / somewhere else
assomiglia,To resemble or look like
ammetto,to admit / accept / acknowledge / to bear / tolerate / brook
finira,to finish / to end / to finish
cimitero,cemetery
abitudine,custom / habit / practice / routine
considerando,to consider / to examine / to weight / to contemplate
cauzione,bail / security / guarantee
mandata,consignment / run / turn
campeggio,camping / camping ground / (I) camp
banco,bar / desk / desk's
euro,euro / euros
possibili,possible / everything possible / possible
patetico,sentimental / with pathos / sentimentalism
monte,heap / pile / mountain / mount / pool / fund ; bank
ritorna,to return / go back
matta,madwoman
elettrica,electric
ostaggio,hostage
asta,A short / straight line / especially the vertical part of a letter
lassu,up above / in heaven / up North / up there
costi,there
tina,vat (f.)
sofferenza,suffering
seguo,to follow or pursue
considerare,to consider / to examine / to weight / to contemplate
attuale,actual / present / current / modern / existing / topical / relevant
vestita,dressed / clothed / suit / dress / frock / {p} clothing / clothes
riusciva,to be able to / to manage to / to be / to prove / to find
squadre,squad / team / squad / group / side / square / triangle
contattare,get / telephones / got
chiediamo,to ask / to request
armati,arm / force / weapon / arms
successe,happened (f. pl.)
cambiamenti,A change or shift / A turn
peggior,apocopic form of peggiore
registro,register / book / log / registry / ledger
cortile,backyard / yard / farmyard
brutti,ugly (m.)
mettila,you put
mestiere,housework / household chores / skill / expertise / experience
terribili,horrible / awful / dreadful / terrible / terrifying / fearful / terrific
bionda,blonde / blonde woman / woman with blonde hair
qualcuna,Feminine form of qualcuno
mogli,wives
vomitare,to vomit / be sick / throw up
sforzo,effort / endeavour / stress / strain
sebbene,although / though
sparate,to shoot / to fire / to shoot / to fire / to discharge / pipe up
interni,inside / internal / interior / inner / indoor / domestic / home / inland
sesto,sixth / curve / 6th
emorragia,hemorrhage / haemorrhage / bleeding
preoccupati,to worry / to trouble / to bother
protocollo,protocol / register
teneva,to have / to hold / keep / to take
rintracciare,To trace / to track down / to run down / to find / to contact
imperatore,emperor
stivali,hold
gentili,Italian surname
feci,I did (p.r.)
sacrificio,cost / sacrifice
perdi,to lose
educazione,education / training / manners / etiquette / politeness / upbringing
piacerà,pleased to meet you / delight / favour / kindness
rivoluzione,revolution
compagna,classmate / partner / partner's
vodka,vodka
arriveranno,to come / to be placed / to arrive / to come / to reach
licenziata,to dismiss / fire / give the sack / to make redundant (f.)
potermi,to be able / can
uhm,hmm
grilletto,clitoris / trigger
eccoli,here they are
eccetto,except; excepting; apart from; but
risate,laughter
malattie,illness / sickness / disease / ailment
portero,to bear / feel / nourish / to bring / fetch / take / carry / to have / bear
sociali,member / affiliate / partner / associate / fellow
lanciato,excited / enthusiastic / famous / well-known / speeding
tensione,pressure / stress / tension / suspense
avvicina,to approach / come up / accost / have to do with
rilasciato,to give [an interview] / to issue [a document]
uccidera,to kill
collana,necklace
distintivo,distinctive / distinguishing / A distinguishing mark
operatoria,operating
peccati,flaw / fault / defect
erica,heather
negro,black / coloured / black / coloured
indagare,delve / look / looking
capacita,capacity / capacity / ability / skill
giallo,yellow
internazionale,international / Internationale / extraterritorial
fatevi,you (pl.) do / make
chiudo,I close
chitarra,guitar
generazione,breed progeny / generation / generation / procreation / production
lasciano,they leave
onde,from where / to / in order to / so that
invitati,to invite
linee,dash / line
alzato,raised / up / elevation
distruzione,destruction
dovranno,(they) will have to / (they) will have (got) to / (they) will owe
reali,Rhea
piazza,plaza / public square / squares
autopsia,autopsy / post-mortem
confusa,confused / embarrassed / hazy
sentirai,to hear / feel
potranno,will be able to / will be able / they will be able
protetto,protected / sheltered
cotta,batch / crush / surplice / cassock / tabard
volerlo,to want
tutt',apocopic form of tutta / apocopic form of tutto / apocopic form of tutta
dormo,I sleep
rottura,breach / breakdown / breaking or breaking off
monica,female given name / cognate to English Monica
rispettare,to observe / obey / comply with / stick to / keep / to respect / honour
ansia,anxiety / apprehension / eagerness
diventati,to become / go / to grow
toccarmi,to touch
usate,to use something
secco,die / her / positive
svegli,wake / call / wake up
rimediare,To remedy / to make up / To scrape
topi,mice
citta',city
bambola,doll
hamburger,burgers / hamburgers / burger
presumo,to guess / to presume / to suppose
avviso,announcement / advertisement / notice [publication or document] / opinion
dea,goddess
piacera,pleased to meet you / delight / favour / kindness
cittadino,town / city / civic / urban / burgess / citizen / subject
qualita,quality
muoiono,they die
portafoglio,briefcase / wallets / portfolios
siccome,as / since
comunità,community / European Community
entrano,to enter / to go in
comunicare,to communicate / to communicate / to transmit / to impart / to convey
stupenda,wonderful / marvellous / stunning / fabulous / stupendous (f.)
beneficenza,charity / beneficence
getta,to launch / to shower / to sling
ordinare,prescribes / to order / classify
dimentichi,to forget
complesso,complex / intricate / subtle / complex / band / group / ensemble
genitore,parent
bruciare,(to) burn (up) / smarter / burn out
balla,a falsehood / a lie / a large bundle / torsello or bale
lieta,happy / cheerful / delighted / glad / joyous / joyful
altrettanto,as much / equally / likewise
infelice,unfortunate / unhappy / miserable / bleak
tenermi,to have / to hold / keep / to take
giocatori,player
mezzogiorno,noon
romanzo,love affair / (I) fictionalize / romance
dar,to give
usarlo,to use something
ambasciatore,ambassador / messenger
fermatevi,to close / to stop
cambiano,to change / to exchange
baciato,To kiss
smetta,to stop or cease
condotto,conducted (p.p. of condurre)
giunto,to arrive / reach / come / to join / put together
prezioso,invaluable / valued / richer
orgogliosa,haughty / proud
anziani,elderly / aged / old / senior / elderly person
religione,religion / faiths
promozione,pass / promotion / advancement / promotion / offer / discount
merce,goods / wares / merchandise / products / commodities
pensassi,to think
bo,An interjection expressing doubt or indecision
apra,to open
chiedono,to ask / to request
riuscite,to be able to / to manage to / to be / to prove / to find
salvi,except / saved
passaporto,passport
vanessa,female given name recently borrowed from English
zitti,to hiss / to silence or hush someone
pubblicita,advertisement / advert / ad / commercial / advertising / publicity
sareste,you (pl.) would be
cacca,poo
infermiere,orderly / nurses / nurse
disperato,hopeless / desperate / despairing
richieste,request / demand / claim / call
servi,to need / to plate / to serve
particolarmente,particularly
serena,impartial / objective / unbiased / serene / calm
regalato,dirt-cheap
continuato,to carry on / to continue
riconosco,to admit / to appreciate / to identify
gemelli,Gemini / Gemini
comunita,community / European Community
consegnato,confined to barracks / delivered / submitted
trono,throne
privacy,privacy
racconta,to tell / to narrate / to recount / to relate
spaventa,to frighten / scare / spook
fratellino,A younger brother
abbraccio,brace / embrace / hug
figata,Clever stunt / dog's bollocks
vedova,widow
tagli,cut / slit / slash / incision / break; cutback / cutting
lanciare,to access or activate a program / to call up / to launch
straordinaria,extraordinary / extraordinary thing / overtime
sincera,sincere
pipi,pee / wee
falsa,false (f.)
senz',apocopic form of senza / apocopic form of senza
contenti,content / happy / satisfied / pleased
undici,eleven
tipa,girlfriend / girl / type / fellow / character / girl / woman
mammina,mummy or mommy / Young mother
accendere,kindle / to spark off / to light up
guanti,glove / condom
sedetevi,bottom / butt / seat / buttocks / bum / to sit down / take a seat
poterti,to be able / can
sofferto,hard-fought / painful
consigliere,adviser / councillor
feriti,A wounded or injured person
sacro,sacred / sacrum
moriremo,to die
partiamo,depart / leave
tranquilli,calm / sober / tranquil
restiamo,to remain / to stay
fascicolo,booklet / pamphlet / file / dossier / instalment
prenderci,to take
interrompere,to block / hold up
girati,to be on the go / ramble / roam / wander / go around
cinesi,The Chinese
raccomando,to register / to commend / commit / entrust / recommend
bandiera,flag
spiriti,to expire / pass away / die / to blow / breeze
chip,chip
stabile,stable / steady / regular / settled / permanent / building / house
autorizzazione,authorization / permission / clearance / permit
separati,to distinguish / dissociate / to separate / divide / split
pubblicità,advertisement / advert / ad / commercial / advertising / publicity
crea,to appoint / to cause / to create
eccellenza,excellence / greatness / pre-eminence / Excellence
ostaggi,hostage
caramelle,monocle / sweet / candy
facce,do (subj.) / face
riconoscere,to admit / to appreciate / to identify
sbaglia,to goof / to make a mistake
trasmissione,broadcast / broadcasting / transmission / programme / sending / mailing
record,record
lusso,excess / surplus / luxury
trattava,to be about / to deal with / to treat
sfortuna,misfortune / bad luck
morirà,to die
tentare,to tempt / to lure / to attract / to entice / to try / to attempt
mobili,movable / mobile / moving / charge
ammesso,admitted (p.p. of ammettere)
apertura,aperture / crack / slit / opening
spegni,To redeem from pawn
spina,plug / charger's
troveranno,to find
visitare,to go sightseeing in / walks / saw
fango,mud / sludge / mire
schiavi,enslaved / slave
leggendo,to read
capitato,capitate / capitate / capitate bone
ehila,Hey there!
infezione,infection
valigie,suitcase
compra,purchase
impronta,footprint / imprint / impression / print / mark / trace
isolati,island / isle
rientrare,to go back in / to reenter
gelosa,jealous
parlero,I will speak
impegni,diligence / enthusiasm / engagement / commitment / endeavour
sporca,dirty / filthy / unclean / soiled / dirty / foul / shady / coarse / obscene
congresso,conference / meeting / congress
accomodi,to arrange / settle; to accommodate / to repair / fix / to suit
economia,economics / economy / economy's
entusiasta,enthusiastic / enthusiast / enthusiast
prendila,you take
matti,mad / crazy / madman
violazione,breach / desecration / infringement
controllate,to audit / to check / verify / inspect / examine / to control / dominate
metallo,metal
pronte,ready (m.)
lunghi,long (m. pl.)
pelo,hair / surface
amiamo,we love
rallenta,to slow down / reduce speed
scopre,to discover / find out / to sight; to spot / to uncover
scommettere,To bet or wager
opzione,option
trasporto,transportation / (I) transport / drive
asilo,preschool / care's
drago,dragon / dragon / expert / whizz
ammiraglio,admiral
ammazzato,to kill / murder
lane,wool
acciaio,steel
parere,view / mind / views
amministrazione,administration / management
pietre,stone
guidato,to drive / to guide / lead / escort / to manage / run
suolo,earth / soil / ground
sentono,they hear
associazione,association / enterprise / partnership / joint venture
vedrà,see / watch / imagine
shh,shh
impedire,to prohibit / obstruct / hamper or hinder
alieni,alien / averse / unwilling
riprese,to revive / to resume / start again / begin again / go back
cucciolo,puppy / puppy's
morira,to die
bentornato,welcome back / A person whose return is welcomed
mollato,to break wind / to cast off [a ship] / to drop
capitale,capital city / crucial / major
pacchetto,package / packet / parcel / small parcel
macchia,blot / speck / disgrace / shrub / bush / brake / spot / fleck
marine,sea
perduto,lost
guido,male given name / cognate to Guy
motori,motor / motory / motive / propelling / driving / moving / engine / motor
uccise,killed (f.)
streghe,witch / hag / Strega
codardo,cowardly / namby-pamby / spineless / coward / coward
volonta,will / volition
vende,to sell
principio,beginning / start / inception / principle
aiutera,to help / assist
abituato,to accustom
preferisce,he likes better / does it prefer / you like better
produttore,manufacturing / producing / grower
scommessa,bet (f.)
imputato,charged / accused / defendant / accused person / suspect
luglio,July
abilita,ability / skill / cleverness
candidato,applicant / candidate
certezza,certainty / certitude / certainty / conviction / confidence / assurance
cifra,code / cipher / figure / numeral / initials / monogram
duramente,harshly / roughly / hard / severely
appello,appeal / plea / appeal / call / roll call
dozzina,dozen
confessato,to confess / admit / own up / to confide / disclose
puntata,bet / stake / betting / staking / episode / installment / instalment / part
tipico,peculiar / typical / distinctive
lama,blade / lama / llama
magnifica,magnificent (f.)
origine,origin / derivation
colin,to drip / to run / to cast
lupi,wolf
isolamento,insulation / isolation
chiese,church / Italian surname
lunedì,Monday
profonda,deep / profound / deep / deeply / profoundly / depths
entrando,to enter / to go in
lancia,lance / spear / launch / nozzle
dava,was giving
cacciatore,chaser / hunter / hunter / huntsman
sollievo,relief / solace
schifoso,disgusting / loathsome / lousy / crappy / stinking / filthy / rotten
saprai,(you) will hear / (you) will be able to / (you) will know
mo,now / Only used in the adverb a mo' di
armadietto,A small cupboard or wardrobe
proprie,really / one's own
vidi,I saw (p.r.)
porco,terrible / pig / pork
tramonto,sunset
saprà,(he/she/it/you) will know / (he/she/it/you) will be able to / (he/she/it/you) will hear
b.,B. (initial)
impiegato,employed / employee
connessione,connection / connexion / association / link / joint / juncture / join / link
tecnico,technician
segnali,to score / to mark / to indicate / to signal; to say / to read / to give
ridotto,reduced (p.p. of ridurre)
leggo,I read
miniera,mine
promesse,promise (f.)
fidanzamento,engagement
cominci,to begin / to start / to commence
spegnere,swithced / put / turns
quarta,fourth / fourth gear / fourth year / fourth form
lega,alloy / association / society / league
nervi,black / a person of black skin / black colour
cercarlo,to look for / to try
daranno,return / (they) will bump / (they) will set
continuava,to carry on / to continue
stadio,stadium
baciare,kiss
sensibile,sensible / perceptible / sensitive / responsive / susceptible
familiari,familiar / confidential / familiar / well-known / family / domestic
contattato,To contact / to get in touch with
paesi,countries
chiacchierata,chat / talk / chinwag
parlerò,I will speak
li',there
rita,female given name
aiuterà,to help / assist
appetito,appetite
scappando,to escape / to flee / to run away
pasta,pasta
sede,branch / seat / see
cavi,hollow / cable / hollow / cavity
sembrerebbe,to seem; to look ; to appear / to sound / taste or feel
dipendenti,subordinate / subordinate clause / employee
cantante,singer / songwriter
giornalisti,journalist / journalist
invisibile,invisible
schema,outline / schema / layout / diagram / plan / draft / project / arrangement
darvi,to give
posteriore,back / rear / posterior / hind in space
jersey,Jersey / The letter J in the Italian phonetic alphabet
batte,To beat / To prostitute
estero,abroad / foreign / overseas
concesso,granted (p.p. of concedere)
centesimi,centesis
opzioni,option
accadra,to happen
guardalo,look at it
rendo,To be profitable / To give back / to return / To make
diretti,direct / directed (p.p. of dirigere)
collina,hill / paid / hills
risulta,to appear or seem / to turn out to be / prove to be or emerge as
portera,to bear / feel / nourish / to bring / fetch / take / carry / to have / bear
esso,it
babysitter,babysitting / babysitter
scene,scene / stage
indossi,To put on / don or wear
forno,baker’s shop / oven / ovens
passeggeri,passing / transient / passenger
saluta,healthy / wholesome / beneficial
allontanati,to avert / remove / to move away / pull away / push away
cartella,folder
sorridere,(to) appeal / (to) smile
indica,indicates / points to
sbirro,cop
partite,depart / leave
lance,lance / spear / launch / nozzle
discorsi,speech / speech / address / discourse / subject / matter
quinto,Quintus / fifth
avvertito,to feel / sense / perceive / to inform / tell / notify / to warn / caution
tigre,tiger / tigers
corrisponde,to correspond
deboli,weak (pl.)
manette,handcuffs / lever / handle / throttle
essendo,being
averle,to have
cronaca,chronicle / commentary / account / record / description
attori,actor / player
vengano,to come
time,thyme / thymus (f. pl.)
averli,to have
assoluto,absolute / complete / total
servo,servant
capirai,to understand
ridicola,to repeat
essa,it / she / her
trasferita,to convey / transfer / to transfer / move / remove / shift
preghiera,entreaty / prayer / request
tuta,sweatsuit / tracksuit
manuale,manual / manual / handbook
attrezzi,tool / implement
allenatore,coach / manager / trainer
materia,subject / course / matter
servirebbe,to need / to plate / to serve
scavare,to bore / to dig / to excavate
compreso,understood (p.p. of comprendere)
password,password
martedi,Tuesday
ridendo,to laugh / to laugh at
fantastici,fantastic / wonderful / great / terrific
alternativa,alternative
dannatamente,a damn sight more / a fuck sight more / a hell of a lot / damned / damn
avervi,to have
terribilmente,terribly / dreadfully / tremendously
berlino,Berlin
aspettami,to wait for / await / wait
sposi,bridegroom / groom / husband / spouse / bride and bridegroom / newlyweds
essi,they / them
leggero,soft / thin / without thinking
abitanti,inhabitant / occupant
desiderato,hoped-for / desired / longed for / desideratum
valle,valley
boy,a bellboy [in a hotel] / a male ballet dancer
insegna,ensign / flag / colours / sign / insignia
prenotato,booked / reserved
bugiarda,liar
stufo,sick / fed up / tired
parente,relation / relative
realizzato,fulfilled / realized
lasciarci,to leave / let
passano,to pass / to stop by / to pass something
assenza,freedom / absence / lack
avvertimento,A warning / a caution
identificare,to identify
sviluppo,development / (I) expand / (I) build up
bara,coffin
basket,basketball
tristezza,gloom / sadness / unhappiness / sorrow / affliction
mela,apple
osservazione,note / observation / remark
russa,Russian
vedrò,see / watch / imagine
contiene,to contain
troverete,to find
stone,I am / I stay
incazzare,to get someone steamed up
ricetta,method / remedy / prescription
lento,slow / loose / slowly
umanità,humanity / mankind
ucciderò,to kill
indossava,To put on / don or wear
minacce,threat / menace
cazzata,load of balls / crap / bullshit / shit / rubbish
doppia,double / dual / two / two-faced / double-dealing / double
maggio,May
mario,male given name / cognate to Marius
grata,grating / grid
fascino,charm / fascination
iniziata,initiate
recitare,perform / performs / play
tessuto,woven / tissue / textile / fabric / material / stuff / cloth / weave
orribili,awful / dreadful / horrible / revolting
francamente,frankly
accademia,academy
dir,apocopic form of dire
risponda,[~ a] to correspond to / [~ di] to be responsible for
diresti,you would say
infine,after all / finally / in the end / at last / lastly / ultimately / in short
antico,past / ancient / old
passami,footprint / footstep / gauge
sconvolto,distraught
gravidanza,pregnancy
malati,underworld / gangland
interessano,to be in the interest to / to be the concern of / to matter to
maledetti,damned / damn / cursed / blasted / horrible / awful
portatile,laptop / portable
ucciderà,to kill
leggera,to read
guardiamo,we look
cazzone,A stupid person
suggerisco,suggest
guerriero,warlike / warrior
quartier,apocopic form of quartiere
mettero,to put
database,database
corre,to hurry / rush / to run / to run [a race or a risk] (f. pl.)
costretta,to force / to compel / to constrain / to oblige
investigatore,detective / investigator
avverto,to feel / sense / perceive / to inform / tell / notify / to warn / caution
funzionerà,to work / to function
vola,to fly / to go quickly
luoghi,places
clara,female given name / a variant of Chiara
verdi,Any of several Green political parties / Italian surname
ella,she
guardano,they look
somma,addition / sum / gist / essence / sum / conclusion / sum / amount
osi,to dare / venture / to risk / attempt
pagamento,payment / pay
venissi,to come
coinvolgere,To involve or implicate someone
sposarti,to embrace / espouse / join
indipendente,independent / free / autonomous / off-line / stand-alone
spingi,to drive / lead / to push / press
esecuzione,carrying out / performance / execution
organi,organ [all senses]
abbandonata,abandoned / deserted / disused
arti,art
cellule,cell
maschi,male / masculine / vigorous / virile / manlike / manful / manly
riparare,mend / to fix / to protect
sentiva,was hearing
potenti,powerful / potent / mighty / powerful person
responsabili,responsible / accountable / liable / in charge / culprit
enormi,huge / enormous / immense / great
sbattuto,beaten / worn out
impara,to learn
guadagno,advantage / gain / earnings
vedendo,seeing
irruzione,irruption / raid / bust
scienziati,man of science / scientist
rinunciato,to renounce / resign / waive / to renounce / give up / abandon / forgo
politici,political / politician
onesti,fair / just / decent / reasonable / frank / straightforward
accadrà,to happen
bravissimo,Very good
ambasciata,embassy
strumento,tool / instrument / orchestrate
impianto,implantation / establishment / installation / setting up
movimenti,bustle / clockwork / exercise
medaglia,medal
terre,earth / ground / soil
madri,mothers
terrore,terror / dread / Reign of Terror
troverà,to find
ala,wing
rapita,kidnapped / spellbound / enchanted / entranced / rapt / A kidnapped person
pattuglia,patrol
modulo,form / module
innamorati,to enchant / charm / fascinate
recupero,making up / remedial / recovery / recycling / reclamation / reclaim
videocamera,video camera
cardiaco,cardiac / heart
bicicletta,bicycle
salvarti,to save / guard / safeguard / protect / defend
facili,easy (pl.)
confessare,to confess / admit / own up / to confide / disclose
chiamerò,to call
spostato,misfit
perdente,losing / loser
esercizio,business / shop / firm
complicata,complicated / difficult / elaborate
perdiamo,to lose
metterò,to put
seguitemi,to follow or pursue
drogato,drug addict
giuste,right / fair (m.)
melissa,lemon balm / female given name / cognate to Melissa
bloccati,to blockade / to block / block up / block off / to freeze
coordinate,to coordinate
intelligenza,intelligence / intellect / understanding / interpretation
chimica,chemistry / chemist
mandati,to drive / to send / forward / dispatch / transmit
spacciatore,pusher
giovedi,Thursday
centimetri,centimetre
munizioni,ammunition / munitions
impressionante,striking / impressive / grand / stunning / shocking
solare,sunny / radiant / solar / sun
ribelli,rebel / rebellious / mutinous / unruly / A rebel / A rebel
norma,instruction / direction / model / form / pattern / rule / custom
marte,Mars [god and planet]
gettato,to launch / to shower / to sling
scuso,to excuse / forgive / pardon / to excuse / justify
circolo,circle / club
scontro,clash / struggle / collision / crash / collision
sedile,bench / seat
gonna,skirt / skirts
sorridi,To smile / to grin
sposarsi,marry
vedro,I will see
lasciatelo,leaves / let
solita,usual / habitual / customary / same old (f.)
personaggi,character / character / fellow / guy / figure / personality / personage
cambiando,to change / to exchange
presentazione,view / introduction / show
magica,enchanting / magic
cranio,cranium / skull
accomodati,to arrange / settle; to accommodate / to repair / fix / to suit
legali,alloy / association / society / league
descrizione,description / sketch / line traced by a curve
pallottola,ball / bullet
sapra,will know
gita,trip / excursion / hike / outing
seth,Set
indiano,Indian
riservato,confidential / reserved
ritiro,collection / confiscation / withdrawal
tara,deficiency / defect / vice / flaw / tare
serviranno,to need / to plate / to serve
cuscino,padding / pillow / cushion
piante,[in a shoe or foot] sole / map / plant / tree
passera,hedge sparrow / dunnock / pussy
cause,cause / lawsuit
laurea,graduation / university degree / degree
indiani,Indian / Indian / Indian
domestica,maid / servant
mafia,arrogance / mafia / The Mafia
difficolta,difficulty
scarpa,shoe
trascorso,past / past / past record / past errors
giugno,June
uscirne,to go out / exit
abbassare,(to) to dim / (to) decrease / lowering
malissimo,Superlative of male
strumenti,instrument / tool / implement / means
cerebrale,cerebral / brain
tregua,rest / respite / truce
carini,good-looking / nice / pretty
salvatore,rescuer / saviour
ottobre,October
situazioni,situation / position / condition / circumstances
nascere,began / arises / arose
lesbica,lesbian
sconvolta,distraught
perdo,to lose
aspettava,to wait for / await / wait
autorizzato,authorized / permitted
spasso,fun / leisure / walk
giuramento,oath
terrorista,terrorist / terrorist
seguimi,to follow or pursue
popolazione,people / nation / population
nascosti,hidden
riconosce,to admit / to appreciate / to identify
lunghe,long (f. pl.)
vedrete,see / watch / imagine
barista,bartender / barista
mangiano,they eat
negozi,A deal / a bargain a business / A shop / a store / A legal transaction
preoccuparmi,to worry / to trouble / to bother
cellulari,cellular / cellular phone / cell phone / cellular
padri,fathers
vari,varied / various / diversity
interessanti,interesting / to be pregnant
invitata,invited
scaricato,to download / to get rid of / drop / dump / dispose
scordato,to put out of tune / to forget
insetti,insect / bug
circo,circus / corrie
spedito,quick / speedy
sepolto,buried
sana,healthy / sound
scopriremo,to discover / find out / to sight; to spot / to uncover
miranda,admirable (f.)
alzi,to build / to erect / to lift / to raise / to heave
correte,to hurry / rush / to run / to run [a race or a risk]
coppie,couple / pair
testamento,will / testament
moneta,money / coin / change
arrivate,to come / to be placed / to arrive / to come / to reach
stabilire,to decide upon / to arrange / to resolve / to decree
giapponesi,Japan
post,post
seminterrato,A flat / apartment in a basement / basement
iraq,Iraq
afghanistan,Afghanistan
beviamo,we drink
muscoli,moss
poker,poker
ascoltatemi,to listen
preda,prey
mancava,to miss / to be lacking / to be missing / absent
petrolio,paraffin / kerosene / petroleum / oil
valentino,male given name / cognate to English Valentine
chiappe,cheek
chiude,closes
rissa,A fight or brawl
stufa,stove
uccidero,to kill
rivolta,A revolt / a rebellion / an insurrection
adatta,suitable or adapted for
muoio,I die
campanello,doorbell / bell / handbell / bell
felicita,female given name / cognate to English Felicity or Latin Felicitas
teresa,female given name / cognate to English Teresa
zoo,zoo
camere,room / camera
fondamentale,fundamental / basic / essential / fundamental
soffre,to suffer / to be in pain / to stand / to bear / to put up with / to allow
stabilito,fixed / decided / stabilized / settled
obbligato,fixed / set / obbligato / obligatory / unavoidable / forced
conclusione,completion / conclusion
logica,logic
sopravvissuti,survived (p.p. of sopravvivere)
guardarti,to look / watch
lavare,to wash away / to wash / to clean up
presentano,to introduce / to present
svelta,brisk / quick / quick-witted
gene,gene
cinquanta,fifty
boschi,wood
sorellina,Smaller or younger sister
falsi,false (m.)
parecchi,several / many / quite a lot of
aprile,April
gina,male given name (f.)
informatore,informative / ear / informer
volume,volume
gravi,grave / serious / heavy / solemn
generoso,plentiful / generous / richer
franca,frank / candid / Frankish / free
veronica,veronica / veronica / veronica
galleria,balcony or circle / gallery / arcade / tunnel
interrotto,interrupted (p.p. of interrompere)
straniero,foreigner / foreign
misterioso,deep / mysterious
duri,hard (m.)
zone,a zone / area or district
squalo,shark
spingere,to drive / lead / to push / press
muoia,to die
mura,A small town in the province of Brescia in Lombardy
elementi,element
martello,gavel / hammer / hammer
mele,apple
scandalo,scandal
occuparsi,reflexive form of occupare
sere,evenings
mazza,baton / club / mace
chiuse,closed (p.p. of chiudere)
ruote,wheel
viola,breaks / trespasses on / trespass on
custode,concierge / guard. jailer / keeper / custodian
sostanza,essence / substance / pith / gist / property / possessions / means / wealth
principi,prince
varie,varied / various / diversity
lutto,mourning
pillola,pill
riflettere,to think / to think over / to reflect upon / to reflect on / to consider / to ponder
umane,human / humane / compassionate / human being
confermare,bears / bored / verifies
bevendo,to drink
medio,mean / meant / average
prometti,to look like / to promise / to threaten
divertirsi,to have fun
cocktail,cocktail
scontato,discounted / taken for granted
cassetto,drawer
permetti,to allow / to let / to permit / to authorize / to entitle
accadendo,to happen
causare,cause / brought / provoked
concetto,conceit a work full of orotund phrases and pompous concetti / affected wit
diede,gave (p.r.)
presso,near / at
psicopatico,psychopathic / psychopath
lavoravo,To run or operate / To work / To cultivate
sostenere,to play / to act / to state / to assert / to claim / to maintain
cenare,have dinner
sbrigatevi,to attend to / see to [a client / etc.]
dovunque,wherever
leva,lever / those called-up / conscripts / call-up / conscription / draft
equilibrio,balance / equilibrium / harmony / stability
abilità,ability / skill / cleverness
tacchino,turkey
pub,pub
aumentare,to increase / rise / to go up / to put on
dicci,Of or pertaining to the Democrazia Cristiana a dissolved political party
svelto,brisk / quick / quick-witted
incontrarci,to play / fight
compro,to buy
rimangono,they remain
rimango,I remain
risparmiare,puts / put / husbands
malvagio,bad / malicious / wicked / malign
bellissimi,superlative form of bello (pl.)
vagina,vagina
zaino,book bag / rucksack / backpack
umorismo,humour / humor
accordi,accord / agreement / arrangement / chord
prenderli,to take
sciocca,silly / foolish / stupid / daft / tasteless / insipid / saltless / unsalted (f.)
microfono,microphone
consapevole,aware / conscious / acquainted
attrezzatura,equipment / facilities
spendere,go / gone / spend
colpisce,to affect / to hit / strike
telefonato,to telephone ; to make a phone call
sprecare,to squander / to waste
sentiti,you hear / listen
chiusura,closure / closing
provarlo,to try on / to rehearse / to feel / experience
intelligenti,intelligent / clever / bright / smart
industria,industry
chiamati,calls
preoccupatevi,to worry / to trouble / to bother
vederli,to see
sorte,fate
ni,Neither yes nor no / nu
incluso,included / including
funzione,function / service / function
eterno,eternal / The Everlasting
ciclo,loop / cycle / bike / period / menses
opposto,opposite / opposed (p.p. of opporre)
fottere,to dupe / trick / con; to fuck over / to fuck / screw
sentiero,path / trail
arriveremo,to come / to be placed / to arrive / to come / to reach
preoccupazione,concern / worry / anxiety
muova,to move
insegnanti,teaching / teacher / master
vedeva,was seeing
mostrarti,to pretend / to show
bagagliaio,boot [British] / trunk [US] / left-luggage office
incidenti,incident / accident / crash / incident
lire,lira / lyre
ripresa,acceleration / filming / recovery
supermercato,supermarket
pulizie,cleaning / cleanliness / neatness / cleanup
acido,acid / acid / LSD
interna,inside / internal / interior / inner / indoor / domestic / home / inland
coraggiosa,brave / courageous / daring
accedere,To accede / To be admitted / To enter / access; to log in
attirare,to attract / hook
mori,to die
inutili,ineffective / useless / unnecessary / needless
benedizione,benediction / blessing
cassie,purple of Cassius / Cassius (f. pl.)
senzatetto,a homeless person
adolescente,adolescent / adolescent / teenager
copione,copyist / script
sostiene,to play / to act / to state / to assert / to claim / to maintain
tortura,torment / torture
talpa,excavator / mole / moleskin
eccezione,criticism / exception / objection / exception / plea
maglia,vest / undershirt / shirt / cardigan / jersey / pullover / jersey
h,See under H
prega,to pray / to beg / to pray to something
aiutata,to help / assist
andassi,I/you went (subj.)
copie,copy
rivelato,to detect / to reveal / disclose / let out / make known / tell
divertitevi,to amuse / to entertain
prenderà,to take
sperando,to hope
positiva,print
collaborazione,cooperation / collaboration / teamwork / contribution
radiazioni,cancellation / expulsion / radiation
festival,festival / worker's festival
vacca,cow
soddisfatto,satisfied / pleased
diventerà,to become / go / to grow
banche,bank
pozzo,well
sindrome,syndrome
costoso,costly / expensive / dear
assegnato,to allocate or allot / to assign / to award
dipendente,hooked / employees / employee
bimba,child / baby
coro,choir / chorus
dieta,diet
becca,to get / pick up / to nab / to peck
debolezza,weakness
corea,chorea / Korea
v,See under V
patria,fatherland / homeland / one's native land or country
compassione,compassion / pity
dimensioni,dimension / measurement / dimension / size / scale / proportion
truffa,fraud / swindle
venivano,they were coming
ira,anger / ire / wrath
pagata,to pay
artisti,An artist / An artist
atti,fit or capable / act
cacchio,darn! / A non-fruit-bearing tendril
pervertito,perverted / pervert
funzionando,to work / to function
permettermi,to allow / to let / to permit / to authorize / to entitle
comunicazioni,communication
decidi,to choose or decide / to decide / make up one's mind
metteremo,to put
credevi,believes
parete,climbing wall / wall / walls
divertenti,funny / amusing / entertaining / fun / whimsical / playful
giunta,addiction / council / committee / assembly / junta
repubblica,republic / republic's
mucca,cow
obiettivi,to object
pianta,layout / seedling / she stops
corrotto,corrupt
indagando,but takes avere as auxiliary To investigate / to inquire / to carry out an investigation
dimostra,to prove / to show / to establish / to demonstrate
noia,boredom / tediousness / bore / yawn / drag
dee,goddess
ando,to go
canada,Canada
noiosa,annoying / troublesome / irritating / boring / tedious / dull / tiresome
apparire,to appear / to look / to grow / to seem
amanti,lover
sfigato,unfortunate / unlucky / An unfortunate or unlucky person / A loser
conflitto,clash / conflict
guarire,heal / healing
crescendo,crescendo / crescendo
salvata,to save / guard / safeguard / protect / defend
ingegnere,engineer
finite,to finish / to end / to finish
brave,well done (f.)
realizzare,to achieve / realise/realize
immobiliare,real estate / property / house
finirai,to finish / to end / to finish
cambiate,to change / to exchange
scopato,to screw / fuck / ball / to sweep / broom
provate,to try on / to rehearse / to feel / experience
diremo,we will say
fonti,source or fount / spring / font
bada,to look after or mind / to pay attention / to take care of
giovanni,John [biblical character] / male given name / cognate to John
quinta,quinte / fifth / fifth gear
tasche,pocket
muovi,to move
effettivamente,actually / really / quite / indeed
lascerai,to leave / let
carlo,male given name / equivalent to Charles
cesso,fugly / a fugly person / toilet / bog [UK] / john [US]
licenziare,pay / can / can't
decide,to choose or decide / to decide / make up one's mind
legati,alloy / association / society / league
guaio,trouble / difficulty / mess / pickle / fix / woe / jam
romantica,romantic
giungla,jungle
avuta,to have
importava,to be important / to matter / to import / heed
bicchieri,beaker / glass / cup / tumbler (glass without stem] / glass
unito,close / plain / united
gridare,called / call
doloroso,distressing / painful
andrei,I would go
elenco,calendar / directory / phone book / list / pile
sopravvivenza,survival
sbagliavo,to goof / to make a mistake
canna,barrel / cane / chute
portala,door / brings
baffi,moustache / whisker
detta,said (f.)
calibro,caliber / bore / callipers / template
birre,beer / beer / glass of beer
ginocchia,knee
salotto,living room
impiegati,to hire / take / engage / employ / to spend / to take [an amount of time]
disegni,design / pattern / drawing / cartoon / intention / plan / design
bucato,with holes / pierced / perforated / hollow / washing / laundry
cacciare,course / pots / can
legata,tying up
bottiglie,bottle
carla,female given name / feminine form of Carlo
andai,to go
specifico,specific
incontrata,to play / fight
dichiaro,to bid / to declare / to announce / to proclaim / to state / to assert
autore,artist / author / creator
fissato,fixed / set / agreed / A person with a fixation or obsession
indosso,on
assurda,absurd / preposterous / ludicrous / nonsensical / cockeyed / ridiculous / paradoxical
padrona,employer / boss / flagship of a naval squadron / hostess
ago,needle
esperimenti,experiment / test / trial / examination
promettimi,to look like / to promise / to threaten
sperma,sperm
prenderai,to take
riconosci,to admit / to appreciate / to identify
prospettiva,perspective / prospect
riempire,to fill / fill up / fill in / stuff / heap / to fill out / fill in / fill up
diventerai,to become / go / to grow
recentemente,recently / lately / of late
deliziosa,delicious / exquisite / exquisite / delightful
combinazione,chance / coincidence / combination
usarla,to use something
rischioso,risky / precarious / hazardous
sega,saw / wank / handjob
antichi,ancient
matrimoni,marriage / wedding
aveste,to have
jeans,jeans
conseguenza,consequence
tokyo,Tokyo
prossime,next (m.)
muri,wall
lettura,interpretation / book / reading (matter)
farebbero,they would do
accetti,welcome
molla,spring / tongs
condotta,conduct / conducted (f.)
scienziato,man of science / scientist
finiscono,to finish / to end / to finish
vaso,pots / pot / vase
cesare,Caesar
fagioli,bean
azzardo,chance / hazard / risk
articoli,Arctic / very cold / The Arctic
metodi,method
sforzi,effort / endeavour / stress / strain
cieca,blind woman
anziano,elderly / aged / elderly person
assistere,To be present / to attend / To assist or help
perfezione,perfection
opere,institution / institute / society / means / help / services / opera
soggiorno,living room / lounge / stay / residence / sojourn
garantisco,to guarantee / warrant / ensure / assure
carburante,fuel / petrol / gasoline
giocattoli,toy
decesso,death / decease
nominato,famous / mentioned / named
mrs,Mrs.
anelli,ring / growth ring / rings / link
tempismo,sense of timing
trasformare,makes / made / make
offrirti,to offer / treat
esprimere,said / voiced / expressing
clown,clown
rifiuta,to refuse / to decline / to reject
verme,worm
piene,full (f.)
centesimo,100th / pennies / cent
occupando,to employ / find a job / to occupy / take over / squat in
rotelle,rotula / a small round shield used in the 16th century
soldo,money / penny / cent
nè,either...or / neither...nor
fagli,do (for) him
partiti,parts
guardarlo,to look / watch
autostrada,highway / freeway
complimento,compliment / congratulations / fuss / ceremony / ceremoniousness
riuscirci,to be able to / to manage to / to be / to prove / to find
bingo,bingo! / bingo
darai,(you) will pay / hold / (you) will lay down
seri,earnest / serious
tieniti,to have / to hold / keep / to take
andavano,they were going
vivendo,lifestyle / living / life / to be
chiarire,to clarify or explain
concluso,concluded / closed / made / settled / included / including
sorprese,to surprise / astonish / amaze / to surprise / catch / catch out
duca,duke
fortunatamente,luckily / fortunately
lasceremo,to leave / let
poiché,since / because / as
peli,hair / surface
preghiere,entreaty / prayer / request
riceve,to receive / pick up / read / to accept
elementare,basic / fundamental / elementary / elementary / easy / simple
singola,single / individual / singles match
basi,to be astonished / flabbergasted / gobsmacked / to swoon / faint
fida,faithful / loyal
addormentato,sleeping / sleepy / stupid / dopey
statua,statue / statue's
confini,border / frontier / boundary
frequenza,attendance / frequency / rate
darei,I would give
andrea,Andrew / male given name / cognate to English Andrew
biancheria,linen / underwear / undergarments / lingerie
sporchi,dirty / filthy / unclean / soiled / dirty / foul / shady / coarse / obscene
ricevuta,receipt
odiano,to hate / detest / loathe
assassina,female assassin / female murderer
massaggio,massage
rapidamente,quickly / rapidly
liquido,liquid / runny / liquid / fluid
crederai,to believe / think
fotografie,photograph / photo and also / with the same meaning: picture / snapshot / snap
comanda,to control / operate / to command / give orders / be in charge
gusti,fancy / whim / gusto / enjoyment / relish / preferences
fermate,to close / to stop
r,See under R
novembre,November
amministratore,administrator / manager
segua,to follow or pursue
ra,(name / Egyptian deity)
mensa,cafeteria / cafeterias
grosse,big / large / heavy / thick
mail,email
ispirazione,inspiration
chirurgia,surgery
impazzita,To go mad
ana,ana
esaminare,consider / evaluates / viewed
agito,to incite / to shake / agitate / to trouble
succedesse,to happen / to succeed
sentenza,sentence
nascondi,To hide or conceal something
aperte,open / opened
marchio,branding iron / brand / trademark / mark / label
chiedero,to ask / to request
scopa,broom / sweep
vomito,vomiting / emesis / vomit / sick / vomitus
incazzato,to get someone steamed up
collaborare,to collaborate / cooperate / contribute
sfuggire,to escape
mettetevi,to put
annullare,to cancel / revoke / nullify / annul / rescind / void / withdraw / disallow / repeal
sappi,to know
rifiutare,passed / rejected / turns
vietato,forbidden
shopping,shopping
beni,upper-class / posh / high / as much as / as many as
formazione,education / training / formation / team
torneo,tilt / (I) tourney / tournament
papino,daddy
continuazione,continuation / sequel
parlarci,to speak / talk
svolta,turning point / turn or curve
maniere,manners / manner / way / style
alieno,alien / averse / unwilling
fossa,fossa / grave / pit / hole
pericolosi,peril / danger
g,See under G
evidentemente,evidently / obviously / clearly
indizi,clue / evidence / symptom / sign / indication
coinvolti,To involve or implicate someone
conoscevi,to know [a person or place] / experience / to recognise
premere,put one’s foot on / hold / interest
valigetta,briefcase / document case
affidamento,assurance / custody / trust / confidence
copertina,sleeve / cover / jackets
sorprendente,amazing / astonishing
scopata,a fuck / a sweeping
assassinato,To murder / to kill / to assassinate / to massacre
quaggiu,down here / in the South / in this world or life
nido,nest / home
proteggendo,to protect
guidi,to drive / to guide / lead / escort / to manage / run
condoglianze,condolence
finisco,I finish off / I end / I finish
esperti,experienced / expert / skilled / expert / specialist / adept / insider
prestato,to lend / to pay / to give
portafogli,portfolio / wallet / billfold
saperne,to know
spie,spy / sign / indication / symptom / light / gauge / indicator
fuggito,to escape / run away
divorziato,divorced
night,nightclub
attraversato,to cross / to go through / to span
raro,infrequent / rare / exceptional
rosse,female given name
cioccolata,chocolate / hot chocolate
valga,valgus
cazzi,fuck! / shit! / good grief
valori,sense / meaning / value
valutazione,calculation / reckoning / estimate / assessment / appraisal
rumori,noise / sound / reputation / rumour / name / repute
misure,beat / measure / measurement / moderation
nascondersi,reflexive form of nascondere / to hide
vorrebbero,like / they would like / they would wish
mandando,to drive / to send / forward / dispatch / transmit
obitorio,morgue / mortuary
disposta,disposed (f.)
pigiama,pajamas / light
iniziano,to begin / to join / to incorporate
spera,to hope
pianificato,planned
trascinato,to carry away / sweep away / to drag / pull / trail
corsi,Corsican / avenue / circulation
sedermi,bottom / butt / seat / buttocks / bum / to sit down / take a seat
sire,king / monarch
carrozza,carriage / railroad car / railcar
riunioni,meeting / assembly / conference / reunion / gathering / get-together
preferiti,favourite / favourite / darling / pet / bookmark
prendera,to take
dente,tooth / dente
pulsante,button / button's
scopi,aim / end / goal / objective / purpose / intent / reason
portarci,to bear / feel / nourish / to bring / fetch / take / carry / to have / bear
andò,to go
vietnam,Vietnam
trovera,to find
certificato,certificate
dentista,dentist / dentist's
routine,routine
detesto,to detest / to loathe / to hate
porre,to put / to place
guardava,to look / watch
monaco,monk / Monaco / Munich
avversario,adversarial / antagonist / opposites
psichiatra,psychiatrist
parliamone,we speak
attivo,active / assets / active voice
coperte,blanket / deck / rug
escono,they go out
ritirare,take / call / took
perse,lost (p.p. of perdere)
girando,to be on the go / ramble / roam / wander / go around
agosto,August
irlandese,Irish / female Irish / Irishwoman / Irish / Irishman
appoggio,support
forme,form / mould / shape
lavoratori,working / worker / workman
quota,depth / fee / instalment / dues / height / altitude / level
perimetro,perimeter
menu,menu
toro,bull / torus / Taurus
cercherò,to look for / to try
frutto,fruit / harvest
costumi,A costume / A custom / habit / A swimsuit
schiavo,enslaved / slave
urlando,To howl / To scream or yell / To squall
studentessa,schoolgirl / student
fermarci,to close / to stop
oscurità,darkness / gloominess / obscurity
grassa,fat / fatty / greasy / rich / fertile (f.)
temevo,to beware / to fear
vivente,living
recita,performance / recital
autunno,fall / autumn
preoccupo,to worry / to trouble / to bother
bravissima,Very good (f.)
tali,such
passerà,to pass / to stop by / to pass something
arco,arch / bow / arc
finiamo,to finish / to end / to finish
affrontato,to brave or tackle something / to cope with something
mandate,to drive / to send / forward / dispatch / transmit
riparo,shelter / hovel
ebbe,to have
accesa,enthusiastic / passionate / ardent / lit / on / bright
incubi,nightmare / incubus
depressione,depression
pieta,piety / pity / compassion / godliness
consenso,approval / success / consent / agreement / permission
false,false (m.)
nuovamente,again / newly / recently
bassi,low / short (m.)
aspettavi,to wait for / await / wait
chiederò,to ask / to request
fidarsi,reflexive form of fidare / to rely / to trust
rene,kidney
rappresentante,limb / representative
divisa,uniform / divided (f.)
tennis,tennis
porteremo,to bear / feel / nourish / to bring / fetch / take / carry / to have / bear
discusso,controversial
vadano,to go
tornano,they return
compromesso,compromised / A compromise / a settlement / an agreement / An arrangement
concordo,to agree / concord / to make agree / to arrange / fix / set / agree
regolare,regular / smooth / even / steady / punctual
proibito,forbidden / prohibited / not allowed / interdicted
investimento,crash / running over / knocking down / investment
concorso,competed / contest / converged
terro,to have / to hold / keep / to take
claudia,female given name of Latin origin / feminine form of Claudio
vitale,vital / crucial / essential / lively / alive / vital / viable
bagni,bath / bathroom / swim / bathe
chiudete,to close
degno,admirable / respectable / eligible / suitable / worthy / deserving
utili,useful
eve,era / long period of time (f. pl.)
presentarti,to introduce / to present
leggermente,lightly / nimbly / mildly / gently / slightly
fermarsi,die / breaks / broken
potessero,to be able / can
sconfiggere,To defeat
clan,clan / gang / team
quì,here (variant of qui)
indiana,Indian woman
morì,to die
salvezza,salvation
pa,pa / dad (informal)
programmato,planned / premeditated
satellite,satellite
marzo,March
uffici,office
salito,to go up / come up / to ride / mount
ancor,apocopic form of ancora
giovedì,Thursday
rinchiuso,to lock up / lock in / to shut up / shut in
bastare,to be enough
rivoglio,to want something again / to want something back
ovvero,or rather
maestra,teacher / teachers
capra,goat / nanny goat / trestle
giocattolo,toy / plaything
rimanete,to remain
scimmie,simian
perfetti,perfect / perfect tense
accorta,shrewd / noticed
simpatica,pleasant / nice / likable
infranto,broken
corruzione,corruption
lenzuola,sheet
scout,scout; a member of the international scout movement
a.,(abbreviation)
torneranno,to return
credermi,to believe / think
fissare,to fasten / fix / secure / to fix / arrange / set
provaci,examination / exam / test / proof / evidence
strappato,To pluck off as in piano playing by throwing off a note or chord with a rapid but light turn of the wrist
sentimento,feeling / emotion / sentiment / sensation / sense
atterraggio,landing / touchdown / approach
dimenticavo,to forget
suonato,punch drunk
raggi,radius / ray / beam / spoke
diranno,they will say
solitario,lone / lonely / deserted / secluded / solitary
fisicamente,physically
renda,To be profitable / To give back / to return / To make
alquanto,An amount of; some / rather / somewhat / An amount; some
manco,not even
penale,penal / criminal / penalty
sembrate,to seem; to look ; to appear / to sound / taste or feel
staranno,they will be
divertito,amused
cresce,To grow / increase or expand / To grow something / to cultivate
proviene,to come from
favola,fairy tale / fable / stories
torte,roundel / pie / tart / cake or similar
messe,harvest / reaping / wheat / corn / crop
salvarlo,to save / guard / safeguard / protect / defend
diamante,diamond
risparmi,[plural] savings / economies / saving / thrift / economy
gemma,bud / gem / jewel
fiamma,flame / flash / pennant / pennon
uccida,to kill
adorano,To adore or worship
color,apocopic form of colore
mosse,move / movement
togliermi,to take off / to take out
concludere,to conclude / close / end / finish / covenant / to conclude / infer / deduce
diploma,degree / diploma / (you) obtain a diploma
contenuto,contents / carried / content
guadagni,advantage / gain / earnings
riga,line / parting / ruler
professionisti,professional / professional / pro / professional / pro
comprendere,caught / includes / understood
martedì,Tuesday
prendetelo,takes
prenderanno,to take
denunciato,to declare / to denounce / to expose
divento,to become / go / to grow
botta,blow / hit / shock / Italian surname
puntato,dotted / bulleted
adulta,adult / grown up
preparatevi,to coach / train / groom / to prepare / make ready / get ready / arrange
bruno,brown / a dark-haired person / Italian surname
avvicinando,to approach / come up / accost / have to do with
goccia,drop / goutte
insolito,uncharacteristic / unwonted / unusual / uncommon / strange
vena,vein / grain / inclination / desire
tagliata,Divided into two equal parts diagonally from top right to bottom left / per bend sinister
alfa,esparto / alpha; the Greek letter Α / α
fidanzati,to affiance / to promise / to betroth
foglie,leaf
ciascuno,each / every / each / apiece / each one
lampada,lamp / lamps
fama,fame / renown / report / rumor / reputation / name
prendeva,to take
panini,bread roll / roll / bun / sandwich
sconfitta,defeat / overthrow / elimination
durata,duration / length / life [of a product / etc.]
salvataggio,bailout / rescue / save / saving
scortese,unkind / impolite / discourteous / rude
lavanderia,laundry / washhouse
attendere,awaits / met / awaiting
vedra,will see
dicembre,December
attacca,to attack / to stick / attach / append
competizione,competition / competition / contest / event / race
selvaggio,brutal / cruel / ferocious / savage / primitive
compri,to buy
vernice,Veneer / gloss / Paint / Varnish
round,round / round
freccia,arrow / arrow / indicator / blinker / trafficator
gentilezza,delicacy / grace / kindness / courtesy
rispondo,[~ a] to correspond to / [~ di] to be responsible for
spreco,waste
modella,mould / models / model
svelti,to speed up / accelerate / to streamline
commercio,commerce / trade / trading / market / business
puntare,to aim / to count on / to head
commettere,to join or fit together / to commit / do / make / perpetrate
comportato,to involve / to imply / to entail
paraggi,neighbourhood / vicinity
osservare,to observe / keep / to observe / remark / point out / object / notice
assassinio,a murder / an assassination
mancherai,to miss / to be lacking / to be missing / absent
vendite,sale / shop
pensavano,they were thinking
riabilitazione,rehabilitation
rancore,grudge / rancour / resentment
flusso,flow / flux
musicale,musical
quantità,quantity
scusarti,to excuse / forgive / pardon / to excuse / justify
ottime,very good / very fine / excellent / perfect / splendid / optimum
cercarla,to look for / to try
comprata,to buy
mm,Marina Militare
foglio,sheet of paper / piece of paper / sheets
calmata,to calm / calm down / to relieve / lessen / ease
votare,(to) devote / (to) to give one’s vote / (to) pass
vinci,A small town in Tuscany; Leonardo da Vinci was born nearby
amelia,male given name (f.)
siti,situated / located / lying / A site / a website / a web site
don',Mr. / Don (apocopated)
sedersi,be seated / sits / sit
note,bill / list / note
arresti,arrest / stop / standstill
maiali,pig
succedono,to happen / to succeed
tentando,to tempt / to lure / to attract / to entice / to try / to attempt
diagnosi,diagnosis
sospettati,suspected / suspicious / suspect / questionable / suspect
chiedete,to ask / to request
nazioni,nation
sappiate,to know
sydney,Sydney
rimuovere,eliminating
rimettere,to put again / put back / replace / to remit / forgive / pardon
diamoci,we give
correndo,to hurry / rush / to run / to run [a race or a risk]
titoli,male given name / the Epistle to Titus / Titus [biblical character]
parecchie,several
fornito,stocked
quadri,square / A description or outline or sketch / A painting or picture
codici,code / codex
muoverci,to move
satana,An evil or wicked person / Satan
cercata,to look for / to try
esagerando,to exaggerate / to go too far / to overdo it / to go overboard
nessun',apocopic form of nessuna / apocopic form of nessuna
ucciderci,to kill
astronave,spacecraft / spaceship / starship
abituata,to accustom (f.)
conoscerlo,to know [a person or place] / experience / to recognise
vie,ways
tacere,silence / to be silent / to keep quiet
mediche,medical / doctor / physician
verdetto,verdict
saggezza,wisdom
approvazione,approval
ritratto,portrait / picture / depiction
controlliamo,to audit / to check / verify / inspect / examine / to control / dominate
romeo,pilgrim travelling to Rome
guerre,wars
nuvole,cloud
fuochi,fire / focus / hearth
uccidono,to kill
riporta,to carry / to bring again / bring back / take back / carry back
unite,to join / to unite / to put together
web,web
tosta,badass / hard / tough / hard-boiled / swift / rapid / hurried
candele,to blanch / whiten / to candy
scaricare,throws
bistecca,steak
fissa,obsession
orari,hourly / per hour / time / time / hours
necessaria,indispensable / inevitable / necessary
diventera,to become / go / to grow
recuperato,to make up [time / disadvantage]
buchi,hole / small opening / gap / aperture / hovel
dedicato,To dedicate
stranieri,foreign / alien / foreigner / alien / stranger / outlander
scaduto,to become due [of a payment / etc.] / to decline / go down
leale,honest / loyal / faithful
registrare,to adjust / set / to check in / to record / tape / video
disperata,desperate / reckless / forlorn
letti,read / bed (p.p. of leggere)
telefonica,telephone / phone
riscontro,check / comparison / confirmation
stiate,to stay / to be
nausea,nausea
cristallo,crystal / pane
chiari,to clarify or explain
applauso,applause
curiosa,A busybody or nosy parker
cicatrice,scar
eterna,eternal / The Everlasting
riferimento,reference / mention
infermeria,infirmary / sick bay
riconoscimento,acknowledgement / avowal / award / recognition / identification
bastano,to be enough
molo,jetty / pier / mole / quay / dock
erede,heir / inheritor
apro,I open
legami,alloy / association / society / league
divenne,becoming / to become
invitare,to induce / asked / to ask
farmaco,medicine / medication / drug
ritengo,to hold back / hold down / hold / stop / retain
meccanico,mechanical / mechanic / mechanic's
cominciando,to begin / to start / to commence
protagonista,protagonist
letale,lethal / deadly
circondato,to lavish / to surround / encircle / enclose
permetta,to allow / to let / to permit / to authorize / to entitle
importi,amount / sum
animo,inclination / mind / opinion
pesanti,heavy / oppressive / depressing
arrogante,arrogant
impazzendo,To go mad
impulso,impulse / drive / urge / boost / impulse / pulse / also archaic for momentum
alleati,to ally / to unite
ottimi,very good / very fine / excellent / perfect / splendid / optimum
scomparsi,to pass away / die / to disappear / vanish
unirsi,united / teams / join
maggiori,bigger / greater / biggest / greatest / greater than
oscurita,darkness / gloominess / obscurity
fili,blade / cable / wire / flex / grain
costante,constant / persistent / continuous / steady / steadfast
tristi,sad (pl.)
assegni,allowance / cheque / check / draft
ascoltarmi,to listen
perderai,to lose
lena,breath / force / energy / vigour
alcolici,alcoholic / alcohol / An alcoholic drink
sapranno,know / (they) will hear / (they) will know
compiere,carried / perform / performs
intervenire,to intervene / say / speak / to operate
commenti,comment / commentary
sensori,A sensor
pareti,estimate / judgment / opinion / view / comment / to look / seem / appear
sconfitto,defeated / beaten / overthrown
scienze,learning / knowledge / science
sceso,descended (p.p. of scendere)
salvarla,to save / guard / safeguard / protect / defend
dissero,they said (p.r.)
volevate,you (pl.) wanted
seguirmi,to follow or pursue
andavamo,we were going
fermiamo,to close / to stop
dividere,to divide / to share
svenuto,fainted / passed out
ego,ego
madonna,Honorific title used to address women / Madonna / Our Lady
andarvene,to go
curriculum,curriculum
rendono,To be profitable / To give back / to return / To make
budget,A budget
priorita,priority / triage
sindacato,syndicated / syndicate / trust / cartel / pool
vide,saw (p.r.)
dimissioni,discharge / resignation
spedizione,consignment / forwarding / dispatch / shipment / expedition
rispondete,[~ a] to correspond to / [~ di] to be responsible for
multa,fine
rischiato,To risk
probabilita,probability / likelihood / chance
solitudine,solitude / loneliness / solitariness / seclusion
mento,chin / mentum
istruzione,education / schooling / instruction / teaching
paolo,male given name / equivalent to Paul / Paul [biblical character]
sofia,female given name / cognate to Sophia / Sofia
avvelenato,rabid / enraged / raging / resentful
gentilmente,kindly / delicately / politely
successivo,following / next / subsequent / successive / consecutive
permetterò,to allow / to let / to permit / to authorize / to entitle
andrete,go / let / gone
improbabile,improbable / unlikely
professione,trade / profession / occupation
commedia,play / comedy / frolic
cava,quarry / mine
pregato,to pray / to beg / to pray to something
scacchi,chess
compiuto,finished / completed or accomplished
calzini,sock
costato,chest / ribs
reagito,To react
scordatelo,to put out of tune / to forget
assicurato,insured / policy holder
detenuti,prisoner
ossessionato,to bother / trouble / to obsess
mamme,mom [US] / mommy [US] / mum [UK] / mummy [UK] / mother
valido,valid / effective / good / substantial / sound / strong
ignorare,not to know / to ignore / to be unaware of
business,business
somiglia,to resemble / look like
salite,to go up / come up / to ride / mount
tremendo,terrible / awful / dreadful
ari,To possess sexually / To plough / plow
f,See under F
quantita,quantity
condurre,to conduct or lead something
presentarvi,to introduce / to present
accettarlo,to accept / to admit
sconosciuta,unknown / unfamiliar / unidentified / unexplored / obscure
campionato,championship
prepari,to coach / train / groom / to prepare / make ready / get ready / arrange
siedi,bottom / butt / seat / buttocks / bum / to sit down / take a seat
esperienze,experience
mostrano,to pretend / to show
volontario,volunteer / volunteer's
innanzitutto,first of all
professoressa,teacher / professor / teachers
impegnati,to begin / start / engage / to bind / tie / to pawn
raccontami,to tell / to narrate / to recount / to relate
cambierà,to change / to exchange
ginnastica,gymnastics
spaventare,to frighten / scare / spook
sognare,to dream
yoga,yoga
pipì,pee / wee
guidando,to drive / to guide / lead / escort / to manage / run
pisciare,to urinate / to piss
particolari,particular / private / personal / homosexual
verificare,to verify / test / check / examine / inspect / survey
ulteriori,further
colonna,column / pillar / tailback
principali,main / principal / major / flagship / boss
terrò,to have / to hold / keep / to take
conforto,comfort / consolation / solace / support
preferite,favorite / you prefer / do you prefer
vicepresidente,vice chairman / vice president / vice-president
emozionante,emotional / exciting / moving
caporale,bossy person / corporal / lance corporal
nell,in the
distrettuale,district
mangiate,to eat
bollente,boiling / hot
michele,Michael
sgualdrina,trollop
eliminato,to eliminate
supervisore,superintendent / controller / supervisors
fui,I was (passato remoto)
vergogno,to embarrass / to shame
amichevole,good-natured / good-tempered / privately negotiated
avvisato,alerted / informed
lati,side
cereali,cereal
assistito,assisted / client / patient
comportarti,to involve / to imply / to entail
restituire,to relinquish / to restore / bring back to
delicato,delicate / frail / gentle / mild
fisso,fixed / regular / stable / steady / fixedly / intently
espresso,express / espresso / express letter
uniche,only person / only one / only thing
missili,missile / missile
elemento,element
gennaio,January
capaci,head
razzista,racist / racist
riuscissi,to be able to / to manage to / to be / to prove / to find
affamato,hungry / starving
cambiera,to change / to exchange
rispondimi,[~ a] to correspond to / [~ di] to be responsible for
emozione,thrill / excitement / emotion
infinito,boundless / unlimited / unbounded / immeasurable / endless / countless
sprecato,to squander / to waste
conoscervi,to know [a person or place] / experience / to recognise
procede,to proceed / prosecute / to behave / act / to go on / carry on / continue
famosi,famous / well-known / renowned / infamous / notorious
dimenticati,forgetful / oblivious or unmindful
cd,CD
crescita,growth
radar,radar
curva,bend / curve / trajectory
trovarsi,got / lies / met
aggiustare,to alter [clothes / etc.] / to correct / to repair / mend
nebbia,fog / mist
maschile,masculine / male / men's / boys' / virile / manly
sconto,(I) rebate / (I) deduct / (I) discount
metropolitana,metro. / subways / underground
portale,A portal / A portal / a portal site / front door / home page
proverò,to try on / to rehearse / to feel / experience
rimandare,to make somebody repeat an examination / to have to repeat an examination
etichetta,etiquette / formality / label / tag
qualcun',apocopic form of qualcuna
preziosa,precious / valuable / costly / invaluable / jewel / valuable
indicano,to indicate / to point out / point to / to recommend / advice / need
entusiasmo,enthusiasm / excitement
dicesse,said (subj.)
classica,classic cycle race / classic / short form of musica classica
progettato,to plan / design / to plan / make plans for
miracoli,marvel / wonder / miracle
occasioni,bargain / special offer / circumstance / occasion
contano,to count on someone / to count / to matter / to count
probabilità,probability / likelihood / chance
comportando,to involve / to imply / to entail
comuni,common / ordinary / commune
incontriamo,to play / fight
salti,drop / fall / change / jump / leap / rise / drop / gap
regione,regions / land / country
tolga,to take off / to take out
appropriato,appropriate / suitable
iniezione,injection
sconosciuti,unknown / unfamiliar / unidentified / unexplored / obscure
grano,bead [of the rosary] / grain [of cereal / or small piece of something]
ridi,you laugh
richiamato,to attract / draw / call / to berate / to call again / call back / recall
ritorni,comeback / return / change [money received after payment]
riviste,magazines / reviewed (f. pl.)
turni,duty / guard / shift / turn
deposizione,deposition
galassia,galaxy / Milky Way
economico,financial / inexpensive / cheap
deb,deb / debutante
assicurarsi,reflexive form of assicurare / to insure oneself
avvicinare,to approach / come up / accost / have to do with
borse,bursa / bag / handbag / purse / briefcase / market / exchange
ubriachi,blotto / drunk / blotto
archivio,archive / library / filing cabinet
scolastico,scholastic / school / scholastic / educational / education / scholastic
intesi,intended / meant / understood
xena,xenon (f.)
soffrendo,to suffer / to be in pain / to stand / to bear / to put up with / to allow
bagnato,wetted/wet / dampened / moistened
frequentare,frequent / go / enrolls
bianche,white (f. pl.)
cercarti,to look for / to try
monete,coin / currency
overdose,overdose
guardavo,I was looking
sequenza,row / sequence
colonia,cologne / eau de Cologne / colony / holding
sedici,sixteen
esplosivo,explosive / explosive
alleanza,alliance / covenant
fenomeno,phenomenon
colto,picked / cultured (p.p. of cogliere)
pop,pop
ruba,to steal
ava,female ancestor
fetta,slice
obbligo,condition / obligation / duty
cuoco,cook / chef
mondi,worlds
testo,baking tray / text / textbook
incolpare,charge / blames
panni,cloth / clothes / laundry / washing
ehilà,Hey there!
gabinetto,cabinet
cresciuti,To grow / increase or expand / To grow something / to cultivate
rubati,to steal
carine,dear (m. pl.)
incontrarti,to play / fight
moriranno,to die
provero,to try on / to rehearse / to feel / experience
ingannato,to betray / to cheat / swindle / to deceive / take in / mislead
trucchi,effect / makeup / trick
hawaii,Hawaii
eccitato,excited / aroused / thrilled / excited / nervous / high-strung / wrought-up
perdonatemi,to forgive / pardon / to forgive / pardon / excuse
circuito,circuit / track
sappiano,they know (subj.)
pianoforte,piano / pianoforte
orbita,orbit / eye socket / orbit
smette,to stop or cease
pubblicato,to publish
spirituale,spiritual
sol,apocopic form of sole / G [musical note and key]
preavviso,notice
sbattere,to fuck / to beat / to bonk
pescare,fishing / to dive for / to fish
adolescenti,adolescent / adolescent / teenager
formula,formula
guadagna,to rise / to earn / make / to gain / get / win / reach
delicata,delicate / frail / gentle / mild
costruzione,building / construction
riuscirò,to be able to / to manage to / to be / to prove / to find
guerrieri,warlike / warrior
casco,bunch / crash helmet / hair dryer
edifici,building / organisation
pirata,pirated / ripped / pirate / filibuster / buccaneer / corsair
scudo,scudo / escudo / shield
usati,USA
ordino,to arrange / to ordain / to order
lottato,to fight / to struggle
pianeti,plain
tata,big sister / governess
biscotto,cookie / biscuit / cookies
scarica,discharge / flood / hail / shot
combattendo,to fight / to battle / to shrive / to fight / to combat
costruita,to build / construct / to plan / frame
poca,little
riva,bank / shore
prato,lawn / grass / meadow
assalto,assault / raid / bout / hold up
nudi,naked / nude / bare / nude
salvarmi,to save / guard / safeguard / protect / defend
finiscila,to finish / to end / to finish
butto,to shape / to turn / to beat in
guardiano,keeper / caretaker / ward / watchman / surveyor / shepherd / herdsman / herd
australia,Australia
private,to deprive / take / rob
stellare,astronomical / star-shaped / radial / stellar
tesi,thesis / (you) stretch / (I) stretched
orrore,disgust / loathing / horror
scattare,To be released; to spring back or click open or shut
urlo,howl / scream / wail
stranamente,strangely / oddly / queerly
bowling,bowling
vulnerabile,vulnerable
muovendo,to move
conoscenze,acquaintance / consciousness / knowledge / cognition
addormentata,sleeping / sleepy / stupid / dopey
incapace,incapable / unfit / incompetent / inadequate / incompetent / bungler
cecchino,sniper
messicano,Mexican / beef olive
affidabile,reliable / trustworthy / dependable
ottiene,to obtain / to reach / achieve / gain
chiedergli,to ask / to request
scarico,dead / out of power / I unload
vuote,empty (m.)
tolgo,to take off / to take out
negare,to deny / to negate
barone,baron / top brass
occorre,must / to need / to be necessary / to take
seguita,popular / successful / followers / supporters / following / audience
mercoledi,Wednesday
pallone,ball / soccer / soccer ball
ricercato,refined / affected / studied / sought-after / wanted man
reggiseno,bra
perdite,leak / leakage / loss / waste / deprivation
hobby,hobby / hobbies / pastime
calcoli,cast / literal loan translation / calque / mold
capiamo,to understand
accompagni,to accompany / add / match / to go with / come with / accompany / escort
ranch,A ranch / notably livestock breeding farm
preoccupazioni,preoccupation / worry / cares / concern
prenderne,to take
jazz,jazz
dischi,disc / disc / disk
asso,ace
omaggio,free / freebie / homage / tribute
piacesse,pleased to meet you / delight / favour / kindness
lotteria,lottery / sweepstake
bottone,bud / button
favoloso,fabulous / wonderful
accendi,to light / ignite / kindle / to turn on [a device]
sottile,thin / fine / slim
partecipato,to attend / to be present / to take part in / to participate in / to share
disturbare,bothering / puts / put
ingannare,to betray / to cheat / swindle / to deceive / take in / mislead
moderna,modern
liscia,simple / neat / straight / smooth / sleek / polished
puliti,broke / clean / neat / tidy / clean place
oscura,dark / gloomy / sombre / humble
considera,to consider / to examine / to weight / to contemplate
starei,I would be
resterà,to remain / to stay
dramma,drachma / drachm / dram / drachm / drama
serratura,lock
dannati,to damn
attentato,assassination attempt / attack
raggiungo,to attain / gain / achieve / to reach / arrive at / get to / touch
zampe,a animal's leg / a paw
latino,Latin / Latin / Latin
incasinato,confused / disordered / muddled
hockey,hockey
candela,candle
concentrato,concentrated / absorbed / attentive / concentrated / condensed
umanita,humanity / mankind
bancone,counter
ospedali,hospital
infinite,boundless / unlimited / unbounded / immeasurable / endless / countless
pro,good / benefit / advantage / pro [a professional]
verbale,verbal / spoken / minutes / record
innocenza,innocence
inferiore,inferior / a cut below / inferior
pensai,to think
rilascio,issue / release
quaggiù,down here / in the South / in this world or life
catene,bond / fetter; subordination / repression / chain / tether
dovuti,had to
marta,female given name of biblical origin / Martha [biblical character]
scomparse,disappearance / vanishing / death / decease / demise / extinction
serpenti,snake
cieli,heaven / sky
ritirata,lavatory / retreat / withdrawal
prudente,prudent / careful / cautious
analizzare,To analyse / to analyze / to test / to examine / To backtrack
supplico,to implore / beseech
sordo,deaf / dull / muffled
girano,to be on the go / ramble / roam / wander / go around
scende,to descend / get off
destinazione,assignment / posting / destination
comoda,comfortable / convenient / handy / loose (f.)
rotte,broken / route (f.)
alte,tall (f. pl.)
rivelare,to detect / to reveal / disclose / let out / make known / tell
paparino,daddy
risata,laugh
curato,cured / edited / tended / kept
postale,postal / post [attribute] / mail / post office / mail train
poterla,to be able / can
prostitute,prostitute / hoe / hooker
maniaco,crazy / mad / maniac / maniacal / A maniac
iris,iris
dammela,give it to me (f.)
gestisce,To gesticulate / To manage / run or administer
venduta,corrupt
soffitto,ceiling / (I) provide [something] with a ceiling
statale,state / government / trunk / civil servant
rituale,customary / usual / habitual / ritual / ritual
colpisci,to affect / to hit / strike
senato,senate
brividi,shiver / shudder
dritti,crafty / sly / plain / knit / obverse [side of a coin / medal or badge]
permettero,to allow / to let / to permit / to authorize / to entitle
banana,banana
fermarli,to close / to stop
venditore,seller / vendor / monger / purveyor
valere,to be worth
trasportare,to drive / carry / to move / transfer / to transport / carry / convey / take
esatta,exact / right
mattinata,matinée / morning
cittadina,burgess / citizen / subject / small town
riscatto,ransom / redemption
capiscono,to understand
esaminato,to examine / to examine / test / check / control
aiuterai,to help / assist
comandi,command / charge / leadership / headquarters / control / drive
sapevate,you (pl.) knew
soffiata,tip-off
penseranno,to think
ferire,wound / (to) hurt / injure
starebbe,would be
ritiene,to hold back / hold down / hold / stop / retain
respiri,breath
menzogna,lie / falsehood / fib
domando,to ask / to demand
fotografo,photographer
fulmine,lightning
centinaio,hundred / about a hundred / about one hundred / hundreds / dozens
corse,run / running / Corsican / movement
ripulire,to clean something again / to clean up / to gulp down
detenuto,prisoner
calmatevi,to calm / calm down / to relieve / lessen / ease
mandarmi,to drive / to send / forward / dispatch / transmit
marijuana,marijuana
vogliano,to want
manicomio,lunatic asylum / madhouse
pompieri,fireman / firefighter / fire brigade / fire department / fire company
unirti,to join / to unite / to put together
decente,chaste / decent / decorous / seemly / proper
aggiunto,assistant / deputy / associate / adjoint / assistant
verrebbe,would come
apparentemente,seemingly / apparently
illusione,illusion / delusion
conquistare,to attain / get / win / achieve / to conquer / capture
costretti,to force / to compel / to constrain / to oblige
vedranno,will see
scorre,to pass / to fly / to roll by
eccetera,et cetera / and so on / and so forth
agitato,restless / fidgety / rough [sea] / worried or excited
grigio,gray / grey
interrogato,Person examined or questioned
iniziate,to begin / to join / to incorporate
avvenuto,happened (p.p. of avvenire)
perdonato,to forgive / pardon / to forgive / pardon / excuse
sandra,zander / female given name / short form of Alessandra
demonio,demon / devil / The Devil
asciugamano,towel / towels
meritano,to be worth / to be worthing / to deserve / merit / to earn
sentirla,to hear / feel
tienila,to have / to hold / keep / to take
bestie,beast
segnato,to score / to mark / to indicate / to signal; to say / to read / to give
fucili,gun / rifle
frattura,fracture / break / fracture / split
risorsa,asset / resource
penserai,you will think
ricevi,to receive / pick up / read / to accept
ridono,they laugh
proteggerla,to protect
negri,black / coloured / black / coloured
esista,to exist / be
estranei,alien / extraneous / foreign / unrelated / unconnected
appare,to appear / to look / to grow / to seem
etero,heterosexual / heterosexual
garantire,to guarantee / warrant / ensure / assure
apprezzato,appreciated / valued
roulotte,caravan
p,See under P
ammiro,to admire / to appreciate
bellissime,superlative form of bello (f. pl.)
riscaldamento,warm-up / heat / heating
meritava,to be worth / to be worthing / to deserve / merit / to earn
nominare,to constitute / to institute / to mention
inviare,turns / sent / submit
sosta,pause / break / stop / halt
cannone,ace / box pleat / cannon
proseguire,to go on / drive on / keep going / continue / keep up
allucinazioni,hallucination
comportarsi,behave / behaving
desiderare,aspired / want / won't
prepararsi,trains / prepare for / get
personalità,character / personage / personality
dipendenza,dependency / dependence
ridurre,decrease / thin / lower
inevitabile,unavoidable / inevitable / the inevitable
uccellino,Little or young bird
efficace,effective / efficacious
cacciatori,chaser / hunter / hunter / huntsman
trasferire,to convey / transfer / to transfer / move / remove / shift
campana,bell
sollevato,to raise / lift / put up / rear / stir up / bring up / stand up
sciopero,strike / walk-out / stoppage
bussare,To knock
toast,toasted sandwich / toast / pledge
negato,denied / refused / useless / hopeless
canti,corner / side / singing
ingiusto,unjustified / underserved / unjust / unfair / wrong / unjust person
pesi,weight
secca,drought / shoal / sandbank
rivedremo,to backtrack / to overhaul / to return to / go back to
votato,consecrated / destined / bound / devoted / dedicated
operai,working / workmen's / worker's / labour / working / worker
attaccata,attached / glued or tied / close / devoted or dedicated / observant
giudici,Judges / Book of Judges
agenda,diary / planner
blog,blog
registrazioni,adjustment / check-in / entry
proprietari,owner / proprietary / proprietor / landlord
aspettarti,to wait for / await / wait
donato,male given name
valida,valid / effective / good / substantial / sound / strong
offerte,offers / offered (f. pl.)
peggiorare,To worsen / To worsen
morirò,to die
generazioni,breed progeny / generation / generation / procreation / production
goditi,to enjoy
occupero,to employ / find a job / to occupy / take over / squat in
rocce,rock / rock climbing
salita,climb / increase / rise
rintracciato,To trace / to track down / to run down / to find / to contact
negoziare,To trade / to deal / To negotiate / to transact
provino,casting / audition / tryout / screen test
femminuccia,Female baby / A weak / cowardly person / Little girl
alternative,alternative
prenderle,to take
precisione,precision
dirige,to address / to conduct / to lead
dj,DJ
preghiamo,to pray / to beg / to pray to something
trovarli,to find
possiate,to be able / can
costruendo,to build / construct / to plan / frame
corde,chord / cord / rope / chord
estratto,abstract / essence / excerpt
provocato,to arouse / to cause [an incident / etc.] / to provoke
proteggermi,to protect
ossessione,nuisance / obsession
dimenticarti,to forget
chiamavano,to call
usava,to use something
sirena,mermaid / siren / hooter
trasferiti,to convey / transfer / to transfer / move / remove / shift
aspettarmi,to wait for / await / wait
versato,versed / practiced
concentrarmi,to concentrate / focus / to gather / assemble / bring together / merge
delusa,disappointed
ritrovare,to have / to find again / to find / to meet
vermi,true (f. pl.)
silenzioso,silent / quiet / still
affinché,[followed by the subjunctive] so that / in order that
dipingere,painting / portrays / to portray
potuta,to be able / can
impari,azygous / odd / uneven / unequal
comprensione,understanding / comprehension
vendo,to sell
sfruttare,to exploit / to make the most of / take advantage of
mobile,mobile / moving / inconstant
dimostrazione,demonstration
colpevoli,guilty / culprit
tasso,badger / European yew / rate / level / percentage
gangster,gangster
pirati,pyre
vogliate,to want
ribelle,rebel / rebellious / mutinous / unruly / A rebel / A rebel
avvicinati,to approach / come up / accost / have to do with
palo,goalpost / pale / stake / pole / pile
tattica,scheme / stratagem / tactics
ricevo,to receive / pick up / read / to accept
fregare,to cheat / to pinch / nick or knock off / to polish
val,apocopic form of valle
aiuterò,to help / assist
finendo,to finish / to end / to finish
ritirato,secluded
fidarci,to have faith [in something or someone]
incontrarla,to play / fight
mantenuto,maintained (p.p. of mantenere)
convincente,convincing / persuasive
api,honeybee / bee
marinaio,sailor / mariner / seaman
gomme,eraser / rubber / gumma / rubber / india rubber / caoutchouc
cavalieri,a gentleman / a knight / an escort or partner
esperta,expert / specialist / adept / insider
darebbe,would give
intimo,intimate / close / intimate / cosy / cozy / intimate / private / innermost
fata,fairy [mythical creature]
cifre,code / cipher / figure / numeral / initials / monogram
eseguire,to play / execute
creando,to appoint / to cause / to create
fantastiche,fantastic / wonderful / great / terrific
morisse,to die
sacchetto,Small amount / Small bag
penserò,I will think
garanzia,guarantee / warrant / security
proposto,proposed (p.p. of proporre)
mona,cunt / pussy / idiot / silly / dupe
approccio,approach
ragno,spider
combatti,to fight / to battle / to shrive / to fight / to combat
spiegarmi,to explain / elucidate / expound / show / account / understand
direttrice,(f.) executive / (f.) manager / manager
spiegazioni,explanation / elucidation / interpretation / reason / lesson
attenzioni,attention / caution / watch out!; look out!; take care!; mind!; careful!
atterrare,fell / put / came
papi,pope
fotografica,photographic / photograph / photo
pierre,Person who works in public relations
legalmente,legally / lawfully
salone,reception room / salon [of a hairdresser / etc.] / saloon [on a ship]
chiedervi,to ask / to request
cercarmi,to look for / to try
omicida,homicidal / murderous / murderer / murderess
massacro,massacre
ballerina,dancer / ballerina / ballerinas
stessero,to stay / to be
grandiosa,grandiose / magnificent
semi,bean / pip / seed
piangi,you cry
gestione,management
toglierti,to take off / to take out
torcia,torch
aspetterò,to wait for / await / wait
marea,blizzard / pile / heap / tide
legittima,legitimate / legal / rightful / legitimate / proper / fair
marrone,brown
milano,Milan / a city and province in Italy
costole,cost
disgrazia,accident / disaster / disgrace / misfortune / bad luck
renderlo,To be profitable / To give back / to return / To make
hacker,hacker (loanword)
finiremo,to finish / to end / to finish
dolori,ache / pain / sorrow / grief
sbagliando,to goof / to make a mistake
sviluppato,developed
bisogni,need
funghi,mushroom / fungus / toadstool
sfuggito,to escape
riusciro,to be able to / to manage to / to be / to prove / to find
nati,native
valgono,to be worth
antenati,ancestor / forefather
cagare,to shit / crap / to give a shit [about somebody]
portiere,doorman / janitor / concierge / caretaker / doorkeeper / porter
carità,charity
leggerlo,to read
esagerare,to exaggerate / to go too far / to overdo it / to go overboard
reagire,To react
interessati,to be in the interest to / to be the concern of / to matter to
greco,Greek
arrivarci,to come / to be placed / to arrive / to come / to reach
ragionare,to discuss / argue / talk / to reason
software,software
fragile,fragile
elefante,elephant
perderemo,to lose
scheda,cards / worksheet / ballots
spariti,shot / silver bream / the sound of a shot
audizione,audition
legate,to alloy / to get on / to bind or tie
compare,accomplice / godfather / old friend
sembravano,to seem; to look ; to appear / to sound / taste or feel
esistere,be / (to) exist / (to) live
mostrami,exhibition / show
commento,(I) annotate / (I) comment on / comment
rimosso,to dissuade / deter / to remove
nipoti,grandchild
georgia,Georgia / Georgia
epidemia,An epidemic
volerci,to take; to be needed; to be required
rospo,toad
partendo,depart / leave
onorato,honoured / male given name
fecero,they did (p.r.)
trent',thirty (elided)
comportati,to involve / to imply / to entail
visuale,visual / view
sinceri,sincere
pompa,state / states / pumps
poiche,since / because / as
volti,face / turned
ombre,shade / shadow
vene,vein / grain / inclination / desire
prezzi,cost / fare / fee / rate / terms / charges
terminato,to end / to come to an end / to finish
intelligence,A political or military department / agency or unit designed to gather information
discuterne,to argue / to discuss / debate or question
giochetti,child's play / game / trick
disordine,disorder / untidiness / confusion / chaos / mess / excess / intemperance
priorità,priority / triage
saper,to know (apocopated)
instabile,changeable / unsettled / unstable / unsteady / precarious / unreliable
gettare,to launch / to shower / to sling
aiutero,to help / assist
dispiaciuta,disappointment / grief / regret / sorrow (f.)
picchiare,to beat / to knock / to thump / to tap / to bang / to insist
nere,black / a person of black skin / black colour
mandano,to drive / to send / forward / dispatch / transmit
appeso,hung (p.p. of appendere)
lascerà,to leave / let
precisamente,exactly / just / definitely / precisely / exactly
rimarrà,to remain
sospetta,suspected / suspicious / suspect / questionable / suspect
piccoletto,Short / A short person
carbone,charcoal / coal
pugnale,dagger
sapone,soap / soaps
cattura,capture
fallire,to fail / to flop / to go bankrupt
parlavi,speaks
posa,exposure / placing / laying / pose
compagnie,national airline / company / companionship / fellowship / society / people
settimo,seventh / 7th
inserito,inserted
venute,come (p.p. of venire)
scozia,scotia / Scotland
teso,aimed / intended / outstretched / taut / tight / tense / stretched
ripeti,to repeat
valerie,male given name / derived from Latin Valerius (f. pl.)
italiani,Italian / Italian
progresso,progress / progression / development / growth / improvement / advancement
rapido,quick / fast / rapid
dibattito,debate / discussion
occidentale,west / western / westerly / occidental / Western / Occidental
valeva,to be worth
spaghetti,spaghetti
annullato,to cancel / revoke / nullify / annul / rescind / void / withdraw / disallow / repeal
terremo,to have / to hold / keep / to take
rivederla,to backtrack / to overhaul / to return to / go back to
candidati,candida
stanchi,tired (m. pl.)
cerchero,to look for / to try
creazione,creation
sceneggiatura,screenplay
sedie,chair
opinioni,opinion / mind / view / attitude
nazisti,nazi / female Nazi / Nazi
offrendo,to offer / treat
esplosivi,explosive / explosive
sanguinando,to bleed
riuscirà,to be able to / to manage to / to be / to prove / to find
bloccare,hold / stopped / stop
parlavamo,to speak / talk
delusione,disappointment
mettiamoci,we put
scossa,electric shock / jolt or jerk / shake
scappi,to escape / to flee / to run away
disperazione,despair
distante,distant / far away
voluti,wanted
digitali,to finger / to key in / to key / to type / to press
raffreddore,cold / colder
permanente,permanent / permanent wave / perm
schianto,crash / smasher
stretti,tight / narrow (p.p. of stringere)
mancare,(to) omit / die / (to) to die
scelgo,(I) decide on / (I) elect / (I) choose
naturali,essence / character / nature
barche,boat
disturbi,disturbance / interference / noise / trouble / bother / inconvenience
categoria,category / topic / class
arrestata,arrested / under arrest / Person under arrest
filosofia,philosophy
riferito,to attribute / ascribe / to report / tell / relate
co,Como
intrappolato,To trap / to entrap / to ensnare
visioni,sight / view / vision
protetta,protected / sheltered
viaggiato,to run / to travel / to travel / to journey / to tour / to fly
sig.ra,Mrs. (abbreviation of signora)
sopportarlo,to bear / sustain / carry / take / withstand
falli,to fail / to flop / to go bankrupt
estraneo,alien / extraneous / foreign / unrelated / unconnected
urlato,To howl / To scream or yell / To squall
piove,to fall / to rain
firmi,to sign
tacchi,chock [to stop a wheel] / heel [of a shoe]
ricordarti,to commemorate / to mention / record / to remember / recall / recollect
scopriamo,to discover / find out / to sight; to spot / to uncover
dominio,control / mastery / power
accadesse,to happen
invasione,invasion / rush
attualmente,currently / at the moment / at the present time
vedesse,to see
dirla,to say / to tell
impedito,clumsy / awkward / hampered / encumbered
dimensione,dimension / measurement / dimension / size / scale / proportion
democrazia,democracy
trapianto,transplant / transplantation / graft
guardala,look at her
dimenticate,to forget
scommesse,bet (f.)
volpe,vixen / fox / crafty devil
dossier,dossier
altamente,extremely / highly
peste,pest / nuisance / plague / urchin
y,See under Y
seguente,following / next / subsequent / succeeding
inchiesta,investigation / inquiry / report / survey / poll
soprannome,nickname
recenti,recent
geni,gene
sobrio,sober / moderate / unpretentious
musical,musical
elettrico,electrical / electric / electricity
produrre,to cause / produce / to produce / manufacture / make
paure,fears
destinato,destined
cemento,cement
prendimi,you take
frode,A fraud / a deceit / a cheat / an adulteration
attaccati,to attack / to stick / attach / append
dovessimo,to have to / must
inganno,cheat / fraud / swindle / deception / trick / trickery
finanziario,financial / fiscal / monetary
organizzando,to organize / arrange / set up
venir,to come (apocopated)
renderti,To be profitable / To give back / to return / To make
globale,global / total / overall / inclusive
permetterci,to allow / to let / to permit / to authorize / to entitle
orsi,bear
radici,sparse / thin
rara,rare
pagati,pay / reward / recompense / wages
fusione,fusion / melting / merger / amalgamation
vigilata,Woman on probation
generatore,generator
terrorizzato,to terrify / to terrorize
consideri,to consider / to examine / to weight / to contemplate
liscio,straight / still
sognando,to dream
vendendo,to sell
delta,delta
mise,put (p.r.)
tequila,peyote cactus / tequila
squali,shark
sposarci,to embrace / espouse / join
acquisto,purchase / acquisition
aerea,aerial / aeroplane [British] / airplane [US]
dichiarazioni,declaration / announcement / statement / remark / bid / bidding
economica,economic / financial / inexpensive / cheap / economy
minori,minore / minor / younger
scappati,to escape / to flee / to run away
comunicato,announced / communicated
tirate,to pull / draw / kick / bend / die / to throw / shoot / drag / toss / roll
ciambelle,any of several other ring-shaped cushions / rubber rings etc
stupidaggini,poppycock / stupidity / foolishness
prosciutto,prosciutto / ham
edizione,broadcast / edition
cenere,ash / cinder
iniziativa,activity / initiative / enterprise
porterai,to bear / feel / nourish / to bring / fetch / take / carry / to have / bear
useremo,to use something
divertirci,to amuse / to entertain
inserire,(to) enter / put [something] in(to) / puts
alimentare,food / alimentary / dietary / eating
contessa,countess
onorevole,honourable
treni,trains
irene,female given name
danneggiato,To damage or harm
mancia,tip [in a restaurant / etc.]
assoluta,absolute / complete / total
febbraio,February
nascondiglio,cache / hoard / hiding place / hideaway
violato,to break / violate / infringe / profane / rape
fermarla,to close / to stop
penserà,will think
incontrarlo,to play / fight
limone,lemon / lemon tree / lemon yellow
barriera,barrier / turnpike / reef / tollgate / tollroad / toll bridge
finestrino,window / small window
collegati,colleague
perderti,to lose
impedisce,to prohibit / obstruct / hamper or hinder
piloti,pilot / driver / pilot
presentimento,premonition / presentiment
gratitudine,gratitude
suprema,supreme
apparecchio,airplane / aircraft / apparatus / instrument / device / set / appliance
avvicinarsi,walks / near / nearest
registrata,to adjust / set / to check in / to record / tape / video
panchina,seats
accompagnato,to accompany / add / match / to go with / come with / accompany / escort
lascera,to leave / let
contadino,rural / country / peasant / farmer
incontreremo,to play / fight
fondazione,foundation
sbarre,barrier / bar / bend sinister
missile,missile / missile
mito,myth
suggerisce,to prompt / to suggest / hint / propose / advice
giusti,Italian surname
adozione,adoption / selection
usciva,to go out / exit
spade,épée / spades / sword
filmati,to film / shoot
operare,to operate / work / act / to operate on / to work / do / perform / carry out
seta,silk
ditta,firm / company / concern / house
rifare,to redo / remake / retie
abitudini,custom / habit / practice / routine
riporto,amount carried forward / appliqué
liberarsi,reflexive form of liberare / to become free / become vacant
tatuaggi,tattoo
studiando,to study
tecnici,technical / engineer / technician
ritardato,retarded
credetemi,you (pl.) believe
accomodatevi,to arrange / settle; to accommodate / to repair / fix / to suit
sbagliare,missed
stradale,road / traffic / traffic police
santi,saint (m.)
arrabbiati,to have rabies; to be rabid
vendono,to sell
coltelli,knife
parlarvi,to speak / talk
allerta,alert / attentive / vigilant / alert / alarm / warning signal / alarm bell
volgare,common / popular / vernacular / vulgar / coarse
basato,to base / ground / found
israele,Israel
rilasciare,to give [an interview] / to issue [a document]
protegge,to protect
spiegarti,to explain / elucidate / expound / show / account / understand
cancelli,gate / fence
superman,superman
ceneri,Ash Wednesday
sostanze,essence / substance / pith / gist / property / possessions / means / wealth
suggerito,to prompt / to suggest / hint / propose / advice
pollice,thumb / inch
ostacolo,obstacle / hurdle )
scudi,scudo / escudo / shield
timido,shy
giocano,to gamble / bet / to game / to play
deriva,centreboard / drift / fin
quassu,up here
insistere,to persist in doing something / to insist on something
malinteso,misunderstood / misunderstanding / misconstruction / misapprehension
chiederglielo,to ask / to request
avvertire,to feel / sense / perceive / to inform / tell / notify / to warn / caution
veste,appearance / capacity / clothes / habit
poeta,poet / (he/she/it) writes poetry / (you) write poetry
polo,pole / polo
porteranno,to bear / feel / nourish / to bring / fetch / take / carry / to have / bear
mutandine,pants
luca,Luke [biblical character]
incantevole,enchanting / charming / beautiful / delightful
violenta,violent woman
imboscata,ambush
can,khan / dog
mercoledì,Wednesday
faccende,issue / matter / affair / business / thing / housework / household chores
resterai,to remain / to stay
divertita,amused
servisse,to need / to plate / to serve
piccolina,little one
casse,case / crate / cash register / cash desk / drum
ammazza,to kill / murder
necessariamente,necessarily
squillo,blast [of a trumpet / etc.] / prostitute / trollop / strumpet / whore
piccante,spicy / hot
country,country music
quassù,up here
bevuta,A drunken party / Heavy drinking
incontra,to play / fight
franco,frank / candid / Frankish / free
alloggio,flat / apartment / lodging / accommodation
vitali,life
poltrona,armchair
fingendo,To dissemble / To pretend or feign
ritrovo,hangout / meeting place
caduti,to die / to drop / crash / to fall
tredici,thirteen
saltata,To blow / to fuse / To come off / to snap / to break / To dance
sufficienza,haughtiness / arrogance / snobbery
sposta,to change / postpone / to move / shift / displace / budge / get off
combinando,to agree / fit / coincide / to do / be up to / to arrange / organize / agree
grandezza,grandeur / greatness / magnitude
tenerli,to have / to hold / keep / to take
ammettilo,to admit / accept / acknowledge / to bear / tolerate / brook
definizione,definition
osare,to dare / venture / to risk / attempt
sudore,sweat / perspiration
alzarsi,pay / go / going
tradire,to betray / to reveal
gelosia,jealousy / shutter
gallina,hen / hens'
aquila,eagle / eagle
bestiame,cattle and sheep etc considered as an agricultural commodity / stock
riservata,confidential / reserved
lite,A quarrel / row / altercation / fight / A suit / lawsuit
furba,cunning / sly / wily / crafty (f.)
ometto,Small person
svizzera,hamburger / Swiss / Switzerland
riuniti,collected / assembled / reunited
muso,front / muzzle / nose
approvato,approved
teorie,theory
bè,well
benone,Very well
esclusiva,exclusive / scoop / sole right / patent
infantile,infantile puerile / childish / babyish / infantile
pacifico,peaceable / peaceful / The Pacific
butti,to shape / to turn / to beat in
caviglia,ankle / pin / peg
presentata,presentation
giubbotto,bomber jacket / jackets
frocio,queer [homosexual] / queer / faggot [US] / poof [UK] [homosexual male]
piccolino,small / tiny / little one
costano,to cost
residenza,residence / abode / domicile / residence / house / building / home
pesa,weighbridge / weighing / weighing machine
rossetto,lipstick
poesie,illusion / daydream / poem / poetry / verse
aspettative,expectation
giganti,huge / giant / gigantic / colossal / giant
iniziale,initial / opening / first / starting / beginning / initial letter / initials
pecore,ewe / sheep / milksop / sheep
eletto,elected (p.p. of eleggere)
fuma,to smoke
frena,to brake
scritte,written (f.)
servivano,to need / to plate / to serve
emotivo,emotional / emotive / emotional person / emotionalist
or,or
cervo,deer / stag
rimarra,to remain
frutti,fruit / harvest
attivato,to activate / to start
incredibili,incredible / unbelievable / wow
toccata,toccata
fica,fig / pussy / sexually attractive woman
scambiato,to exchange / trade / bargain / swap / to exchange / swap / switch
dirigere,to address / to conduct / to lead
pensero,I will think
maglione,sweater / cardigan / jumper
sponsor,sponsor
stima,esteem / estimate / valuation / respect
rimesso,put back (p.p. of rimettere)
offeso,offended / hurt / An offended person
rivisto,reviewed / seen again (p.p. of rivedere)
sentimentale,sentimental / romantic / A sentimental woman / a romantic woman
tana,burrow / hideout / lair / den
cedere,to retreat / to subside or cave in / to yield / surrender or give in
convincerlo,to convince / persuade / argue / satisfy
franchi,Franks
sputa,to spit
disegnare,to draw / drawing / plans
punteggio,mark / score
toccarlo,to touch
vigilia,eve / vigil / Christmas Eve
disponibili,available / disposable / at one's disposal / free / helpful / ready to help
sasso,stone / rock / boulder / pebble / stone / rock
iscritto,enrolled / inscribed / registered / entered
sottomarino,submarine / underwater / submarine
umile,humble / A humble woman / The humble
cuba,cupola / Cuba
vescovo,bishop
stufato,stew
fottutamente,bloody / fucking
disperatamente,desperately / hopelessly
sacrifici,cost / sacrifice
accompagnare,takes / take / took
interrogare,to question / to test
seme,bean / pip / seed
bruciata,burnt
libretto,booklet
litri,litre
alzata,cake stand / lifting / raising / top
farmacia,drugstore / pharmacy / pharmacy's
odiare,hate / (to) hate / loathe
determinato,certain / given / fixed / limited / determined / resolute / determinate
ciccione,fatty
toglie,to take off / to take out
politiche,policy / politics
cognato,brother-in-law / law's
rallentare,to slow down / reduce speed
fornire,To equip / To supply / to provide / to furnish / to give / to yield
portarli,to bear / feel / nourish / to bring / fetch / take / carry / to have / bear
liberarmi,to clear / vacate / free
piega,crease / fold / pleat
discrezione,discretion
propongo,to propose / suggest / to put forward
chiudiamo,we close
macchie,blot / speck / disgrace / shrub / bush / brake / spot / fleck
frequentato,busy
nasconderti,To hide or conceal something
gemella,twin
condiviso,shared / common
dozzine,dozen
amarti,to love
voluta,spiral / volute / wreath
scrittura,contract / document / writing / handwriting
orchestra,band / orchestra / orchestra pit
enrico,male given name / cognate to English Henry
scambiare,confused / changed / mix
imparando,to learn
tonnellate,tonne / ton
mini,miniskirt
scherza,to gamble / trifle / play / to joke / jest / be funny
ucciderai,to kill
spettacolare,spectacular
tirarti,to pull / draw / kick / bend / die / to throw / shoot / drag / toss / roll
senno,common sense / judgment / wisdom
contadini,rural / country / peasant / farmer
rilassarti,To relax
riposati,to rest / to have a rest / to take a rest / to sleep / to stand
dispiaccia,disappointment / grief / regret / sorrow
immediato,immediate / prompt / direct
notiziario,news
riempito,to fill / fill up / fill in / stuff / heap / to fill out / fill in / fill up
bambole,doll / dolly
impiccato,hanged / hanged person
procurato,to cause / to get / obtain / procure / provide / earn / to try / endeavour
decido,to choose or decide / to decide / make up one's mind
altare,altar
divertirti,to amuse / to entertain
esposizione,exhibition / exposition / show / exposure / display / pageant
tecniche,technique
scomparire,to pass away / die / to disappear / vanish
disposti,disposed (p.p. of disporre)
provano,to try on / to rehearse / to feel / experience
tavoli,tables
depresso,depressed
lenti,slow
decise,decided (p.p. of decidere)
pubblici,public / audience / spectator
composto,composed (p.p. of comporre)
stessimo,to stay / to be
pan,Pan
vorreste,like / you would like / want
occuperò,to employ / find a job / to occupy / take over / squat in
guarigione,recovery
spot,spot
precisa,identical / precise / accurate / faithful / specific / detailed
buttata,sprouting
ringrazia,to thank
ascia,axe / tomahawk
disegnato,to design / style / to draw / outline / trace
aiutarli,to help / assist
vigliacco,contemptible / cowardly / coward
moriro,to die
olive,olive-green / olive / olive
avvicini,to approach / come up / accost / have to do with
cestino,waste basket / bin / trash
distratto,absent-minded / forgetful / distracted / inattentive
metterai,to put
intenso,intense / strong / intensive / busy / concentrated
circolazione,circulation / traffic
rimaste,To rhyme
cambiati,to change / to exchange
calendario,schedule / time-frame / time-table
insegno,to teach / to lecture / to teach
differenti,different / differing / dissimilar / unlike
capiti,bosses
valsa,to be worth
soddisfazione,satisfaction
caverna,cave / cavern
rovinando,to collapse / to fall / to hurtle down / to crash down / to tumble
ognuna,each / every one / all / everyone / everybody / each one
paranoico,paranoid / paranoid
completato,completed / finished
vomitato,to vomit / be sick / throw up
sorso,sip
simone,male given name / cognate to Simon / Simon
frontiera,frontier / border
defunto,dead / defunct / deceased
profitti,profit
profitto,profit
perdonarmi,to forgive / pardon / to forgive / pardon / excuse
rompe,to annoy / to break / to disturb
confraternita,brotherhood / frat house
portatemi,to bear / feel / nourish / to bring / fetch / take / carry / to have / bear
semestre,semester / term / half-year
accadde,to happen
mosso,blurred / rough / wavy
elettorale,election / electoral / ballot / polling
ioni,ionium / Ionian Sea
pugnalato,To stab
razzo,spoke / flare / pyrotechnic / skyrocket
intendeva,to hear / to listen / heed / to mean / intend
sfigati,bad luck
psicologo,psychologist
volontari,voluntary / volunteer
scendo,to descend / get off
scadenza,deadline / expiration
chiedertelo,to ask / to request
oriente,characteristic of a pearl: orient / freemasonry: lodge
dimenticarlo,to forget
addestrato,trained
estremo,drastic / excessive / intense
rapida,rapid
ricchezza,richness / wealth
spiacevole,unpleasant / disagreeable
afferrato,to grab / to catch
procediamo,to proceed / prosecute / to behave / act / to go on / carry on / continue
comunista,communist / Communist / Communist
spaventati,to frighten / scare / spook
tenero,soft / affectionate / sweet
avvicinarti,to approach / come up / accost / have to do with
turisti,tourist / tourist
terrestre,earthly / land / terrestrial
inseguendo,To pursue
aziende,firm / company / business / concern / establishment
balle,a falsehood / a lie / a large bundle / torsello or bale
mortali,dead (f.)
permettersi,to afford / to allow oneself / to dare / to take the liberty of
digitale,digital / digitalis / foxglove
scherzavo,to gamble / trifle / play / to joke / jest / be funny
cavata,to take out; to extract
glieli,them
dimentico,forgetful / oblivious or unmindful
macellaio,butcher
batterie,battery / drums / percussion / heat
significare,meant / imply / (to) mean
conoscessi,to know [a person or place] / experience / to recognise
intimi,intimate / close / intimate / cosy / cozy / intimate / private / innermost
capanno,bathing hut / hide
punito,to punish
donatore,donor / giver
biologico,biological / organic
cospirazione,plot / conspiracy
picnic,picnic
barattolo,can / tin / pot / jar
attiva,active / assets / active voice
pallida,bleak / pale
contratti,contracted / shrunk / tense / contract / agreement / deed
conduce,to conduct or lead something
trovavo,to find
negativa,negative
ricominciamo,to begin again / start again / recommence / resume
mettimi,you put
futura,future / The future tense / The future
cuccioli,cub / pup / puppy / Dopey
derubato,To rob someone of something / To steal something from someone
riferisci,to attribute / ascribe / to report / tell / relate
sopravvissuta,survived (f.)
balli,a dance or ball
manica,gang / pack / sleeve / shirtsleeve / the Channel / the English Channel
piacevano,pleased to meet you / delight / favour / kindness
mentirmi,to lie
vicine,near / close
critica,criticism / feminine form of critico
miglio,millet / mile
nucleo,core / nucleus / unit / group / squad
faremmo,we would do
aumenta,to increase / rise / to go up / to put on
app,apps / app / app's
verremo,(we) will come away / (we) will work out / (we) will fade
chiamalo,calls
freno,brake / check / curb / control / restraint / bit
lingue,languages
staccato,disjointed / disunited / separate / loose / outdistanced
rubando,to steal
storico,historic / historical / historian
inviti,invitation / bevelled or chamfered hole / request / call
sostituire,to replace / substitute / stand in for / supersede / relay / change
illegali,illegal / unlawful / lawless / false
passava,to pass / to stop by / to pass something
morfina,morphine
misteriosa,mysterious / secret / enigmatic / puzzling
crociera,a cruise
arabo,Arabic
immondizia,rubbish / garbage / trash / litter / waste
corrispondenza,connection / correspondence / mail
benedetto,blessed / holy / male given name / the Italian equivalent of Benedict
cercavi,search
prepararmi,to coach / train / groom / to prepare / make ready / get ready / arrange
divina,divine / heavenly (f.)
vedessi,to see
ristoranti,restaurant
rischia,To risk
falco,hawk / falcon
bonus,A bonus
legna,firewood
sembravi,to seem; to look ; to appear / to sound / taste or feel
usciremo,to go out / exit
arrendo,to surrender
monitor,monitor
operativo,operating / operational / practical / operative / effective
basa,to base / ground / found
toglimi,to take off / to take out
feccia,dregs / trash
braccialetto,small bracelet
pulizia,cleaning / cleanliness / neatness / cleanup
audio,audio / sound / volume / audio
privati,without / lacking / -less / un- / -free
trasforma,to change / transform / convert / turn
esposto,exposed (p.p. of esporre)
odiava,to hate / detest / loathe
baciami,To kiss
aggredita,victim of an attack
occuparti,to employ / find a job / to occupy / take over / squat in
cristiano,cristiano
nude,naked / nude / bare / nude (f. pl.)
privilegio,privilege
attraversando,to cross / to go through / to span
ironia,irony
smoking,tuxedo / dinner jacket
manzo,beef / bullock / steer
ricevimento,receipt / reception
gemelle,twin
cocco,coccus / hen's egg / coconut
mandiamo,to drive / to send / forward / dispatch / transmit
preparate,to coach / train / groom / to prepare / make ready / get ready / arrange
abuso,abuse / misuse / overuse
sciocchezza,foolishness / silliness
straordinari,extraordinary / extraordinary thing / overtime
ferie,holiday [British] / vacation [US]
posizioni,position / whereabouts
affinche,Common misspelling of affinché
freni,brake / check / curb / control / restraint / bit
papa',dad / papa
protesta,protest / remonstrance / complaint / stink
cagnolino,little dog / doggy / doggie / puppy / dog paddle / doggy paddle
telefonare,to telephone ; to make a phone call
quaranta,forty
legga,to read
cantiere,building site / shipyard
tradizionale,conventional / habitual / usual / traditional / customary
tradita,to betray / to reveal
secchio,Abbreviated form of secchione / bin / bucket / pail
s.,San / santo / Santa
assunta,Assumption / female given name / in honour of Our Lady of the Assumption
finirla,to stop or give up an activity
toglietevi,to take off / to take out
frammenti,fragment / bit / passage / extract
creata,to appoint / to cause / to create
lasceranno,to leave / let
forbici,scissors
batti,To beat / To prostitute
vaccino,bovine / cow / vaccine
individuo,individual / man / person / fellow / guy / bloke / chap
segrete,secret / secret
applausi,applause
insetto,bug / insect / insects
ucciderli,to kill
fammelo,make it for me
palude,marsh / fen / swamp / bog
scusare,to excuse / forgive / pardon / to excuse / justify
zucca,a person’s head / marrow / pumpkin
carrello,carriage / dolly / hopper
scuro,dark / darker
esibizione,exhibition / showing off / performance / pageantry / presentation
mais,maize / corn
investire,to assail / to crash / run over [in a car / etc.] / to invest
continueremo,to carry on / to continue
creatore,creative / creator / founder
ringraziarmi,to thank
benessere,well-being / wellness / health / fitness / welfare / affluence
raramente,rarely / seldom
lava,she washes / he washes / it washes
estrema,drastic / excessive / intense
armate,To arm / To cock / to load / To equip / to fit out / to rig
completare,round / fill / perfecting
interruzione,block / break / pause / gap / interruption / breakdown / stoppage / cut
crescono,To grow / increase or expand / To grow something / to cultivate
conclusioni,completion / conclusion
sposarlo,to embrace / espouse / join
arancia,orange
coppa,pots / pot / bowl
giornate,day
celebrare,hold / kept / perform
disciplina,discipline / order / discipline / sport
schifosa,disgusting / loathsome / lousy / crappy / stinking / filthy / rotten
fedeli,creed / convictions / faith / belief / faith / loyalty
alberto,male given name / the Italian equivalent of Albert
seguiamo,to follow or pursue
risparmiato,to save / save up / put by / economize / scrimp / to spare
particelle,particle
terrorismo,terrorism
marca,(he/she/it) marks / (you) brand / (you) mark
tedesca,German person
terrificante,terrifying
guardarla,to look / watch
men,apocopic form of meno
costantemente,constantly / steadfastly
venivo,I was coming
richiamare,to attract / draw / call / to berate / to call again / call back / recall
nucleari,nuclear / nuclear industry / nuclear power
riguardano,to concern / regard / be about / deal with / to examine / check / go over
quarantena,quarantine
evitarlo,to avoid / to dodge / to ward off
mina,lead in pencils / mine / land mine / mine which produces ore
premuto,to press / to pull
modelli,blueprint / model / mockup
condizionata,conditional / qualified / conditioned
terapista,therapist
visitatori,visitor / caller
violenti,violent / violent person
indossando,To put on / don or wear
facessimo,to do / to make
onnipotente,all-powerful / almighty / omnipotent / The Almighty
federazione,federation
favori,to give / to pass / to favour / to favor / to help / to aid / to support
durare,to last / to bear / to endure
attende,waits
merlino,marline / Merlin
osservando,to observe / keep / to observe / remark / point out / object / notice
concentrazione,concentration / merger / combine / combination / trust
voli,flight
insopportabile,unaffordable / unbearable / intolerable / insufferable / unendurable
essenziale,essential / essential / fundamental / main / crucial / basic / terse
incrocio,crossing / cross / crossroads
crollare,to collapse / cave in or slump
menta,mint
rilevato,gathered / collected / noticed / plotted
tranquillamente,calmly
caserma,barracks
camminando,walk / gait / walking / to proceed
attrazione,allure / attraction
scesa,descended (f.)
patti,pact / agreement
tessera,card / pass / domino / tessera
apparteneva,to belong to
metteranno,to put
terrorizzata,to terrify / to terrorize
vederle,to see
cosciente,aware / conscious / responsible conscientious
utilizzare,to use / make use of / utilize
descrivere,recount / depict / recounts
portarle,to bear / feel / nourish / to bring / fetch / take / carry / to have / bear
marciapiede,pavement [British] / sidewalk [US]
maleducato,rude
facciate,you (pl.) do (subj.)
rientra,to go back in / to reenter
tenersi,reflexive form of tenere / to hold / lean / to keep / stand / stay
spinge,to drive / lead / to push / press
divertirmi,to amuse / to entertain
steso,to draw up / to floor / to hang out
proteggerlo,to protect
arrivasse,to come / to be placed / to arrive / to come / to reach
furia,fury / anger / rage / hurry / rush / Fury
ferrovia,railway
afferma,to declare / to affirm / to state / to claim / to assert
chiuda,to close
assicurarci,to assure / guarantee / to ensure / provide / to insure / assure
domicilio,address / domicile / residence
tartaruga,slowcoach / tortoise / (sea) turtle
rovinata,to collapse / to fall / to hurtle down / to crash down / to tumble
sushi,sushi
evitando,to avoid / to dodge / to ward off
casinò,casino
pericolose,dangerous / risky / insecure / unsafe
apocalisse,apocalypse
corriere,courier / messenger
sacchi,sac / lot / lots / piles / loads / ton / sack / bag
diecimila,ten thousand / ten thousand
uccidilo,to kill
schemi,outline / schema / layout / diagram / plan / draft / project / arrangement
risonanza,resonance
pietro,male given name; equivalent to English-language Peter
provviste,supply / stock
voltare,to turn / to translate / to turn
mandero,to drive / to send / forward / dispatch / transmit
valutare,to appreciate / to assess / evaluate or estimate / to value
frasi,between / among
uva,grapes
curiosità,curio / curiosity / inquisitiveness
lotto,lot / lottery / plot
parata,review / parade / save / parry
passeggero,passing / transient / passenger
vincente,winning
svenuta,to faint / pass out
seguono,to follow or pursue
sbrigare,to attend to / see to [a client / etc.]
materiali,matter / substance / material / stuff
dí,"say! (imperative, mis-accented)"
immigrazione,immigration / the immigrants
pubbliche,public / audience / spectator
appartengono,to belong to
letteratura,literature
immaginate,to imagine / picture / fancy / conceive
archivi,arch / bow / arc
eternità,eternity
addetto,assigned / intended / an attaché
k,See under K
vantaggi,advantage / vantage / favour / plus / benefit / edge
sparano,to shoot / to fire / to shoot / to fire / to discharge / pipe up
gialla,yellow / amber / yellow (f.)
guarito,to be cured of / to get rid of / to recover / to get well / to get over
vendi,to sell
salvati,volley / discharge / round / salvo / salute
medicinali,medicine
ucciderebbe,to kill
fazzoletto,handkerchief
maresciallo,marshall / warrant officer
consegne,confusion / mix up / delivery / handover / consignment
doverlo,to have to / must
verdure,vegetable
chiedermelo,to ask / to request
fritto,sizzled / deep-fried / fried
noti,well-known / known / famous / notorious / the known
mentali,mint / peppermint
siedo,bottom / butt / seat / buttocks / bum / to sit down / take a seat
personalita,celebrity / personality / legal personality / personality
scopra,to discover / find out / to sight; to spot / to uncover
convivere,to coexist / to live together or cohabit
generosa,generous / liberal / prodigal / rich / fertile
lori,they / them (pl.)
perquisizione,search
mariti,husbands
critico,critical / critic / reviewer
rendendo,To be profitable / To give back / to return / To make
water,water closet / toilet / rest room
cera,complexion / wax
delinquente,delinquent / criminal / scoundrel / wretch
divino,divine / heavenly
piattaforma,A platform
riuscira,to be able to / to manage to / to be / to prove / to find
pagherai,to pay
conversazioni,conversation / talk / interview
lavorate,To run or operate / To work / To cultivate
lividi,leaden / livid / bruise
pullman,bus / coach / pullman
stronzetto,little shit / little turd
muovermi,to move
signorine,lord / gentleman / [used to address a man] sir / Mister or Sir
sostituto,deputy / relief / substitute / placeholder
fumetti,comics / comic strip / cartoon / fish soup / speech bubble / balloon
dovessero,to have to / must
graffio,scratch
isole,island / isle
sceglie,to choose
missioni,mission
donazione,gifts / gift / donating
griglia,A grid / A grill / grille / or grate / lattice
lasciaci,leaves / let
fascicoli,booklet / pamphlet / file / dossier / instalment
prestare,(to) lend / (to) to lend / (to) give
strappo,lift / strain / tear / rip
pressioni,pressure / leverage / steam / blood pressure
spiegherebbe,to explain / elucidate / expound / show / account / understand
selvaggi,brutal / cruel / ferocious / savage / primitive
percentuale,percentage / percentage
succederebbe,to happen / to succeed
gravemente,seriously / critically / severely
suggerimento,suggestion
definire,to define / resolve
manderò,to drive / to send / forward / dispatch / transmit
odiato,hated / detested
fienile,barn / hayloft
competere,to be due / be owing / have a right to
facciamola,we do / we make
granché,Very much / Something notable / or particularly interesting
nonni,grandparent
litigio,litigation / quarrel / row / altercation / tiff / squabble / toil / strife
tubi,pipe / tube
ripulito,to clean something again / to clean up / to gulp down
camille,male given name (f. pl.)
preparazione,preparation / grounding / qualification
brasile,brazilwood / Brazil
chiameremo,to call
colpiti,blow / knock / shock / punch / hit / pound / raid
difetti,defect / fault / blemish / flaw / deficiency / lack / shortage
avergli,to have
americane,the Americas
sufficienti,pass / pass mark / self-important / haughty / conceited
inventata,invented / made up / fictitious
editore,publishing / editor / publisher
provocare,to arouse / to cause [an incident / etc.] / to provoke
drogata,drug addict
cominciano,to begin / to start / to commence
musicista,musician / musicians'
lavorarci,To run or operate / To work / To cultivate
lasciarli,to leave / let
crollo,a collapse or slump / crash
scoppiare,to explode / burst out / break out
granche,Common misspelling of granché / Common misspelling of granché
prendertela,to take
seguite,to follow or pursue
evoluzione,evolution / progress / development
picchiata,nosedive
soddisfare,to fulfil / execute / to satisfy
ragazzine,boys / guys
cambiarmi,to change / to exchange
osserva,to observe / keep / to observe / remark / point out / object / notice
dante,male given name and a surname / a reduced form of Durante
risalire,To date back to; to go back to / to climb or go up again
pasticcio,jam / mess / pastiche
tirati,to pull / draw / kick / bend / die / to throw / shoot / drag / toss / roll
libreria,bookcase / bookshelves / bookstore
aspettero,to wait for / await / wait
nobili,aristocratic / noble / titled / noble / noble / lofty
aggressivo,aggressive
chilo,chyle / kilo
perla,pearl / pearl
restera,to remain / to stay
legare,to alloy / to get on / to bind or tie
bastava,to be enough
manutenzione,maintenance / servicing / upkeep
rimase,to remain
portarvi,to bear / feel / nourish / to bring / fetch / take / carry / to have / bear
notturno,nightly / nocturnal / nightclub
nascoste,hidden
definito,clear cut / sharp / definite / defined / determinate
armatura,framework / plate / sheath
agnello,lamb
bordello,a large quantity / brothel / great chaos or confusion
farsa,farce
mantieni,to hold / defend / to keep / stand by / maintain / support / uphold
maggioranza,majority
sott',apocopic form of sotto
arteria,artery / arteria
necessita,necessity / need
sedute,chair / seat / session / meeting / sitting
brutale,rough / brutal
pulite,to clean / to wipe / to scrub / to wash / to brush / to clear / to dust
convincermi,to convince / persuade / argue / satisfy
tirarlo,to pull / draw / kick / bend / die / to throw / shoot / drag / toss / roll
capitan,apocopic form of capitano
alloggi,flat / apartment / lodging / accommodation
scommetterci,To bet or wager
capirà,to understand
permettimi,to allow / to let / to permit / to authorize / to entitle
anonima,anonymous / anonym / anonymous person
baracca,hovel / hut / junk
chiacchierare,chatter / talked / talk
cadendo,to die / to drop / crash / to fall
panna,whipped cream
patetica,sentimental / with pathos / sentimentalism (f.)
ricordarmi,to commemorate / to mention / record / to remember / recall / recollect
anatra,duck
orientale,oriental / eastern / east / Oriental / Eastern / Asian
femmine,female
descritto,To describe
tenetevi,to have / to hold / keep / to take
terremoto,havoc / chaos / uproar / earthquake / quake
occupiamo,to employ / find a job / to occupy / take over / squat in
ringraziarla,to thank
scommesso,bet (p.p. of scommettere)
blocca,to blockade / to block / block up / block off / to freeze
mantiene,to hold / defend / to keep / stand by / maintain / support / uphold
indovinate,to guess / to predict / foretell
ispirato,inspired / prompted
rilevante,considerable / relevant / remarkable
orgogliosi,pride
rimaniamo,we remain
tossico,toxic
alzarti,to build / to erect / to lift / to raise / to heave
escluso,excluded / ruled out / out of the question / outcast
reati,Rhea
vennero,they came (p.r.)
significava,to mean / to signify
fareste,you (pl.) would do
udito,hearing
ubriacone,alcoholic / drunk / drunkard / toper / blotto / binge drinker
pranzare,to have lunch
sballo,To go out / To talk nonsense / To unpack
scopro,to discover / find out / to sight; to spot / to uncover
metterli,to put
artificio,artifice
clacson,hooter / horn
clima,climate / air conditioner / air conditioning
decisi,decided (p.p. of decidere)
contemporaneamente,simultaneously; at the same time
rovini,to collapse / to fall / to hurtle down / to crash down / to tumble
seppellire,to bury / to inter
pepe,pepper
sacra,sacred / sacrum
soggetti,subject / dependent / subject / prone / exposed
cugini,cousins (m.)
fastidioso,annoying / tiresome / vexing / finicky / fussy / fastidious
inchiostro,ink
energie,energy
tantissime,Very much; very many (f. pl.)
gorilla,gorilla
pentirai,you will repent
vicinanze,vicinity / surroundings / proximity / closeness / nearness
metterà,to put
infilato,to insert / to tuck in / to put on [an item of clothing]
combatte,to fight / to battle / to shrive / to fight / to combat
considero,to consider / to examine / to weight / to contemplate
avventure,adventure / venture / love affair / affair / amour / fling
parcheggiato,To park
romani,Roman / Roman Catholic / Roman
spiegarlo,to explain / elucidate / expound / show / account / understand
rispettato,to observe / obey / comply with / stick to / keep / to respect / honour
pensera,will think
saggia,wise / assay / display (f.)
riferisce,to attribute / ascribe / to report / tell / relate
assicurare,to assure / guarantee / to ensure / provide / to insure / assure
delegato,delegating / delegate
ceduto,to retreat / to subside or cave in / to yield / surrender or give in
psichiatrico,psychiatric
brindiamo,to make a toast
correttamente,correctly
nuoto,swimming / (I) swim / swim
si',yes
spiritoso,funny / spirituous / witty
merci,pure / simple
deputato,appointed / fixed / delegate / representative
lavoretto,A simple piece of work / or one of little importance
avvisare,to inform / tell / let someone know / to warn / alert
martini,myna / Martin (pl.)
more,arrears / blackberry / mulberry fruit
puttanella,A young woman who dresses provocatively
fini,ends
comprensibile,intelligible / understandable / comprehensible
eccitata,to excite / arouse / to stimulate / stir up
richiamami,to attract / draw / call / to berate / to call again / call back / recall
affidato,to entrust / commit / give / leave
lenta,slow
dovevate,to have to / must
trofeo,trophy
pagando,to pay
meritato,to be worth / to be worthing / to deserve / merit / to earn
privo,without / lacking / -less / un- / -free
cicatrici,scar
reporter,reporter
aiutano,to help / assist
architetto,architect / (I) concoct / (I) cook up
spararmi,to shoot / to fire / to shoot / to fire / to discharge / pipe up
fidato,trusted
ramo,branch / bough / sector
vuoti,empty (m.)
passeremo,to pass / to stop by / to pass something
calze,sock / stocking
gossip,gossip
precisi,identical / precise / accurate / faithful / specific / detailed
deprimente,depressing
scartoffie,papers / Unimportant writing
rimorso,remorse
celeste,celestial / heavenly / pale blue / sky blue
suicida,suicidal / suicide
telegramma,telegram
chilometro,kilometre / kilometer
successiva,following / next / subsequent / successive / consecutive
italiana,Italian woman
fumi,smoke
alzate,to build / to erect / to lift / to raise / to heave
educato,polite / courteous
gestito,To gesticulate / To manage / run or administer
profondità,depth / depths
assaggiare,try / tried / trying
tessa,to plot / to weave
spogliarellista,Female stripper / Male stripper
ipocrita,hypocritical / female hypocrite / hypocrite
dimenticherò,to forget
lesbiche,lesbian
tolta,removed (f.)
account,account
viaggia,to run / to travel / to travel / to journey / to tour / to fly
lealta,fairness / honesty / loyalty / faithfulness
difetto,defect / fault / blemish / flaw / deficiency / lack / shortage
contabile,book-keeping / accountant / bookkeeper
roberto,male given name / cognate to Robert. Female equivalent: Roberta
navetta,shuttle
dolcetto,petit four
arrivò,to come / to be placed / to arrive / to come / to reach
seppellito,to bury / to inter
yogurt,yogurt
lampo,lightning / flash / lightning
furioso,furious
resterò,to remain / to stay
tenevo,to have / to hold / keep / to take
spaventosa,frightful / dreadful / frightening / terrible / horrible
aggressore,aggressor / attacker / assailant / mugger
collaterali,collateral / side
fantasie,imagination / fantasy / whim / fancy / pattern
occupare,hold / take / took
grotta,cave / grotto
tosse,cough
sospensione,adjournment / postponement / suspension
intima,intimate / close / intimate / cosy / cozy / intimate / private / innermost (f.)
tate,big sister / governess
pasqua,Easter
cantando,to sing
rimedio,medicine; drug / remedy; cure
sessualmente,sexually
cambiamo,to change / to exchange
midollo,marrow / pith
setta,sect / A river that flows through Tuscany and Emilia-Romagna
folli,mad; insane / idle / madman; madwoman
telegiornale,television news programme
carri,Any means of transport used to carry goods; a wagon / cart / van / lorry / wain or truck
tirar,apocopic form of tirare
eredità,inheritance / heredity / legacy / heritage / inheritance / hereditament
svegliare,to awaken / to stimulate
ordina,to arrange / to ordain / to order
piombo,grey / lead
procura,letter of attorney / warrant of attorney / power of attorney / proxy
anziana,old / oldest / elders
doveri,to have to / must
allegro,happy / bright / upbeat
scorte,escort / supply / hoard
riferisco,to attribute / ascribe / to report / tell / relate
avvicinato,to approach / come up / accost / have to do with
irrilevante,unimportant / insignificant / trifling / irrelevant
tosto,badass / hard / tough / hard-boiled / swift / rapid / hurried
resi,To be profitable / To give back / to return / To make
volato,to fly / to go quickly
immortale,immortal / eternal / everlasting / undying / immortal
salendo,to go up / come up / to ride / mount
egitto,Egypt
ricostruire,To rebuild or reconstruct
ratti,abduction / rat
cantano,to sing
sessione,session
arrosto,grilled / roast / roast
dignità,dignity
sfera,scope / range / sphere / ball / globe
tribù,tribe
lealtà,fairness / honesty / loyalty / faithfulness
azzurro,blue / light blue
critiche,criticism / feminine form of critico
poterci,to be able / can
dichiara,to bid / to declare / to announce / to proclaim / to state / to assert
falle,leak
miserabile,mean / miserable / wretched / pitiful / poor / destitute
neonato,newborn / newborn / baby / infant
passero,sparrow
mandarlo,to drive / to send / forward / dispatch / transmit
liberamente,freely / liberally
oca,goose / silly goose / airhead / goose; gander
aspettavamo,to wait for / await / wait
evitato,to avoid / to dodge / to ward off
adrenalina,adrenaline / epinephrine
tenebre,darkness / gloom / night
maschere,cinema attendant [takes tickets / shows patrons to their seats] / mask
capsula,capsule / crown / pod / boll
colline,with the / hill / pass
automatico,automatic / push-button
disturbato,to interfere / jam / to disturb / bother / trouble / inconvenience
psicologia,psychology
pagherò,IOU
antidoto,antidote
muovono,to move
ammissione,acknowledgement / admission / avowal / admission / admittance / entrance
scriva,to write
torace,chest / thorax
spostatevi,to change / postpone / to move / shift / displace / budge / get off
moderno,modern / up-to-date / contermporary
sennò,otherwise / or else
spaccio,passing / store / trafficking
furti,plagiarism / theft
marmellata,jam / marmalade / jelly
scema,fool / idiot
tirando,to pull / draw / kick / bend / die / to throw / shoot / drag / toss / roll
pagate,to pay
divertiremo,to amuse / to entertain
rispettabile,respectable / sizeable / considerable
miliardo,billion
genetica,genetics
incastrare,to drive [a nail] / to embed / to engrain
beneficio,benefit / profit / gain
abbattere,to bring down / to destroy / to put down / to dismay
fattore,factor / element / maker / factor
emozionata,To excite / to move / to touch
cross,cross / motocross / slice
distruggendo,To destroy / wipe out or ruin
cercheremo,to look for / to try
minacciando,to threaten / to menace
peggiorando,To worsen / To worsen
promettere,to guarantee / to promise / to vow
preservativo,preservative / condom
esaurito,exhausted / out of print / run-down
moduli,module / form / modulus
canali,marijuana cigarette / joint
occuperemo,to employ / find a job / to occupy / take over / squat in
cantato,to sing
lavato,to wash
ms,Ms.
civiltà,civility / courtesy / civilization
baia,bay
aggiornamento,adjournment / recess / update / updating
ridotta,reduced (f.)
nasce,to be born / to bud / sprout
diciotto,eighteen
risale,laughed / rice
unire,to join / to unite / to put together
evacuare,to evacuate
sporche,dirty / filthy / unclean / soiled / dirty / foul / shady / coarse / obscene
parlavano,they were speaking
bridge,bridge
assaggio,taste / sample / tasting / sampling
nascondermi,To hide or conceal something
violino,fiddle / trespass on / break into
z,See under Z / The letter zeta in the Greek alphabet
rubate,to steal
separazione,separation / split-up / breakup / division / parting
splendore,brilliance / brightness / splendour / glow
pony,pony express / pony
tirarmi,to pull / draw / kick / bend / die / to throw / shoot / drag / toss / roll
cappella,A cap / A chapel
perdenti,losing / loser
liberarti,to clear / vacate / free
considerata,esteemed / prudent / cautious / careful
menzionato,To mention
amavi,loves
cristina,female given name / equivalent to Christina
sistemo,to accommodate / lodge / put up / fix up
turbato,upset / troubled
riflesso,reflexed / reflex / reflected
aggiornato,fresh / new / current / updated / up-to-date
atleta,athlete
stringere,to reduce / to tighten
dichiarare,to bid / to declare / to announce / to proclaim / to state / to assert
regolamento,regulation / rule / settlement
sfugge,to escape
beccati,to get / pick up / to nab / to peck
bacino,catchment / basin / field
litigando,to litigate / to quarrel / fight / fall out / argue / squabble
scattato,To be released; to spring back or click open or shut
fatale,fatal / irresistible / predestined / fated
sfondo,background / backdrop / setting
ragazzone,A large / tall or strapping boy / A childish adult
marcio,corrupt / festering / rotten
cartelle,briefcase / schoolbag / satchel / folder / folder / file
apriamo,we open
scappate,to escape / to flee / to run away
comico,funny / comedian / comedian's
insignificante,insignificant / trifling / trivial
aziendale,corporate / firm / business / company
vinco,willow / osier Salix viminalis / osier / wicker
straccio,shredded / torn / duster / mop
caricare,upload / ship / energizes
interrogatori,interrogators / interrogations
dormono,they sleep
seminario,seminar / seminary
casuale,accidental / chance / fortuitous / casual / random
selvaggia,brutal / cruel / ferocious / savage / primitive (f.)
uscirai,to go out / exit
lesioni,damage / injury / lesion
sapersi,reflexive form of sapere
contributo,charge / contribution
aiuterebbe,to help / assist
grati,grateful
disturbarti,to interfere / jam / to disturb / bother / trouble / inconvenience
indicazioni,indication / instruction / direction
sbagliati,to goof / to make a mistake
esplorare,delving / explore / delve
farmelo,to do / to make
sella,saddle
narcotici,boring / narcotic / narcotic
grassi,Italian surname
tienimi,to have / to hold / keep / to take
pettegolezzi,gossip
zecca,a mint / tick
pazzesca,crazy / insane / great / fantastic / terrific / fabulous
mucche,a milk-cow / milch cow
galla,gall
autentico,genuine / authentic / true
ritrovata,recovered / rediscovered / discovery
incontrarmi,to play / fight
trascorrere,to pass / to go by / to elapse / to spend / to pass
pompino,blow job
interruttore,switch / interrupter / circuit breaker
specialista,specialist / expert / specialist / expert
rum,rum
ca,circa
cristiani,Christian / a Christian / a person
ponti,Italian surname
sparargli,to shoot / to fire / to shoot / to fire / to discharge / pipe up
barzelletta,joke / funny story / anecdote
divertire,to amuse / to entertain
mari,sea
cardinale,cardinal / cardinal / cardinal
uccidiamo,to kill
officina,workshop
bentornata,welcome back / A person whose return is welcomed (f.)
jude,judo (f. pl.)
obbligata,fixed / set / obbligato / obligatory / unavoidable / forced
municipio,town hall / city hall
scappiamo,to escape / to flee / to run away
cercavano,to look for / to try
ritornato,returned
doni,gift
prigioniera,imprisoned / captive / prisoner / captive (f.)
pisello,pea
appartamenti,apartment / flat
capira,to understand
allontanare,to avert / remove / to move away / pull away / push away
aree,area / surface / field / sector / land / ground
resteremo,to remain / to stay
ostacoli,obstacle / hurdle )
cinture,belt / waist
eseguito,executed / carried out
decine,A group of ten men
vapore,steam / vapour especially water vapour
et,and
curvatura,camber / curvature / warp
insisto,to persist in doing something / to insist on something
collegio,boarding school / college
adorato,male given name
battaglie,battle / fight
accusata,accused / accused person / accused
campane,To live / manage or get by
irritante,irritating / annoying / vexatious / pesky / teasing
esercizi,exercise
puzzle,puzzle / puzzles
solite,usual / habitual / customary / same old (f. pl.)
ingaggiato,to sign [a sportsman for a team]
offrirle,to offer / treat
perda,to lose
difensore,defending / supporting / advocate / supporter
cucchiaio,spoon
trattata,to be about / to deal with / to treat
parrucca,wig
corretta,correct (f.)
costosa,costly / expensive
giuseppe,Joseph [biblical character]
andavi,you were going
romano,Roman / Roman Catholic / Roman
gamma,gamma / range / gamut
righe,line / parting / ruler
solitamente,usually / as a rule / generally / habitually
fara',will do
patrimonio,estate / property / fortune / heritage
bimbi,child / baby
povere,poor (m.)
materasso,mattress
capitare,to come / to get to / to chance / to end up / to happen
dona,to donate / to give
distrutti,distraught / tired / stuffed
frigorifero,fridge / refrigerators / refrigerator
vicinato,neighbours / neighbourhood
mrs.,Mrs.
veterinario,veterinary / veterinarian / vet / veterinary / veterinary surgeon
vigili,to be current or in use / to be in force
scoprirai,to discover / find out / to sight; to spot / to uncover
informata,to inform / tell / report / notify (f.)
tenerci,to have / to hold / keep / to take
postazione,emplacement / place / site / location
distributore,supplier
garantito,certain / guaranteed
bollette,bill / receipt
liberati,free (f.)
facessero,they did (subj.)
talvolta,sometimes / at times
sigillo,seal
annuale,annual / yearly
polli,chicken
ratto,abduction / rat
pallottole,ball / bullet
rilassi,To relax
riflettuto,to think / to think over / to reflect upon / to reflect on / to consider / to ponder
staccare,to knock off ) / to distance or leave behind
offri,to offer / treat
duecento,two hundred / thirteenth century
suora,nun
trasporti,surge / fit / transport / transposition
orlo,border / edge / margin / brink / verge / orle / hem / hemline / welt
degna,admirable / respectable / eligible / suitable / worthy / deserving
uscira,to go out / exit
aborto,abortion / miscarriage
arancione,orange
rio,captive / hostile / guilty / brook / stream / streamlet
rana,frog
complotto,plot / conspiracy
paghiamo,to pay
dipinti,painted (p.p. of dipingere)
stuprata,To rape
trattenuto,held back (p.p. of trattenere)
scendete,to descend / get off
rimarrai,to remain
infernale,infernal / hellish / diabolical
autografo,autograph; hand-written / autograph
duello,duel
provincia,province / provincial administration
tragico,tragic / tragical / tragedy
irlanda,Ireland
ispezione,inspection / examination / check
allegra,cheerful / happy
imminente,imminent / forthcoming / impending / near
opportunita',expediency / advisability / opportunity / timeliness
nazista,nazi / female Nazi / Nazi
veicoli,carrier / vehicle
uccidimi,to kill
camminato,walk / gait / walking / to proceed
grido,I yell / I cry out / I tell off
odiavo,to hate / detest / loathe
soda,soda / sodium carbonate / soda water
nano,dwarfish / dwarf / midget / shorty
menzogne,lie / falsehood / fib
banale,banal / cliché / trite / trivial / unimportant / mere / ordinary / common
uscirà,to go out / exit
preparata,prepared / ready / keen / preparation
uragano,hurricane / cyclone
dirvelo,to say / to tell
rovescia,purl / backhand / obverse
sonia,female given name / cognate to Sonya
temporanea,stopgap / temporary / provisional / interim / makeshift
sacrificare,to give up / lay down / scrap / waste / to sacrifice
industriale,industrial / industrialist / manufacturer
accosta,to approach / to match
quattordici,fourteen
metteva,to put
bea,To make someone happy
bandito,bandit / outlaw
anomalia,anomaly / abnormality
fogna,hovel / pigsty / sewer
convinti,convinced (p.p. of convincere)
costituzione,constitution / establishment / setting up
mentore,mentor
portatela,door / brings
riposa,to rest / to have a rest / to take a rest / to sleep / to stand
atrio,atrium / concourse / entrance hall / lobby
signoria,seignory / signoria / Ladyship
vendicarsi,To revenge or avenge oneself
ripartire,to leave again / to start again / to divide up
ignorato,ignored / neglected
fissando,to fasten / fix / secure / to fix / arrange / set
orologi,clock / watch
mosche,fly / Moscow
alzo,to build / to erect / to lift / to raise / to heave
festeggiamo,To celebrate
suicidato,to murder someone / in simulation of suicide
creativo,creative / nontraditional
regolarmente,duly / punctually / regularly
reggere,to hold out / to resist / to last / to hold / to keep / to stand up
deficiente,) deficient / half-witted / half-wit
caveau,vault
sparando,to shoot / to fire / to shoot / to fire / to discharge / pipe up
furgoncino,Small van
insinuando,to insinuate / to slip or slide
accennato,hinted / mentioned / touched
fartelo,to do / to make
spazi,space / room
principalmente,mainly / principally
mettera,to put
invenzione,invention all senses)
lorenzo,male given name / equivalent to Lawrence/Laurence in English
immaginarlo,to imagine / picture / fancy / conceive
guidava,to drive / to guide / lead / escort / to manage / run
balena,whale
profondi,deep / profound / deep / deeply / profoundly / depths
origini,origin / derivation
contenitore,A container / an holder / a receptacle / a case
fumato,to smoke
vabbe,okay then / fine (colloquial)
apprezzare,evaluates / valuing / assess
leoni,Leo / the Zodiac sign for the lion / covering July 23 - August 22 / lion
lavandino,sink / sinks
padroni,employer / boss / host / landlord
drone,drone
buonissimo,Better than good
terrà,to have / to hold / keep / to take
precedenza,precedence / priority / right of way
saprebbe,would know
impaziente,impatient
operato,to operate / work / act / to operate on / to work / do / perform / carry out
fontana,fountain
vivevo,lifestyle / living / life / to be
pasti,meal
nastri,ribbon / tape
chiamatemi,to call
documentario,documentary
asciugamani,towel
doverti,to have to / must
rifarlo,to redo / remake / retie
rispetti,compared to / adherence / respect / deference
care,dear (f. pl.)
elsa,hilt
anonimo,anonymous / anonym / anonymous person
perlomeno,at least
audace,bold / daring / audacious / brash / rash / risky
napoli,Naples / The letter N in the Italian phonetic alphabet
lamenti,lament / moan / groan
eredita,inheritance / heredity / legacy / heritage / inheritance / hereditament
periferia,outskirts / suburbs
produttori,manufacturing / producing / grower
tirata,drag or puff / pull / plug / tirade
capodanno,New Year's Day
chiedeva,to ask / to request
malvagia,bad / malicious / wicked / malign
torturato,tormented / tortured
cagna,A female dog / canine / bitch
montgomery,duffel coat
restero,to remain / to stay
respinta,failed / rejected
calmarti,to calm / calm down / to relieve / lessen / ease
abbigliamento,clothes / clothing / attire
scientifico,scientific
beccare,to get / pick up / to nab / to peck
pecora,ewe / sheep / milksop / sheep
alzarmi,to build / to erect / to lift / to raise / to heave
prendine,you take
bruciando,To burn
scendendo,to descend / get off
riprendendo,to revive / to resume / start again / begin again / go back
clive,clivus / hillock / slope (f. pl.)
corna,a thing made from horn / horn [of an animal] / antler / horn
emozionato,excited
ferrari,An Italian motor car manufacturer
asino,donkey / ass / dunce / ass
mantello,blanket / mantle / casing / shell / cloak
yacht,The letter Y in the Italian phonetic alphabet / yacht
credibile,believable / credible / reliable
differente,different / differing / dissimilar / unlike
misero,poor / destitute / bleak
permetto,to allow / to let / to permit / to authorize / to entitle
strizzacervelli,shrink
puzzi,To smell or stink
maxine,Having larger than normal dimensions / Longer than normal / maxi
piazzato,to land / to place or put / to sell
coinvolgimento,involvement / implication
primario,primary / first / principal / main / chief
offensivo,insulting / offensive / offensive
etica,ethics
altrui,another person's / someone else's / other people's / of others
mandami,to drive / to send / forward / dispatch / transmit
pisolino,snooze / nap / forty winks
parlerà,will speak
figuri,To appear or figure / To picture something
toccarla,to touch
avanzata,advance
sportivo,sporty / sporting
banchetto,feast / banquet
malgrado,despite [oneself / etc.] / even though / although / in spite of / despite
contesto,context
giurare,to swear / vow
analizzato,To analyse / to analyze / to test / to examine / To backtrack
spaccato,broken / chopped / on the dot / sharp
fortezza,fortress
dormitorio,dormitory / dorm / hall / house / boardinghouse
sofferenze,suffering
buffa,funny / comical / amusing / playful / strange / odd
meraviglie,wonder / astonishment / amazement / surprise
interferire,To interfere
bancarotta,bankruptcy
originali,to originate / give origin to / cause
nazionali,national / domestic / home / national team
morsi,arrears / blackberry / mulberry fruit
artificiale,artificial
mostrarmi,to pretend / to show
determinare,to cause / bring about / to decide
sembrera,to seem; to look ; to appear / to sound / taste or feel
presentarmi,to introduce / to present
suonava,to play [an instrument] / to ring / to sound
sciarpa,scarf
affittato,To rent out / to let / to hire out something
traditori,traitor
bottino,booty / loot / cesspit / swag
preoccupate,to worry / to trouble / to bother
conferenze,conference / lecture
colla,paste / glue
verita',truth
starmi,to stay / to be
cammini,walk / gait / walking / to proceed (pl.)
verrete,come / will come
rendermi,To be profitable / To give back / to return / To make
piacerti,pleased to meet you / delight / favour / kindness
balliamo,to dance / to fidget / to totter / wobble / shake
starete,you (pl.) will be
sembrerà,to seem; to look ; to appear / to sound / taste or feel
fortemente,brightly / strongly
essenza,essence / gist / essential oil
mutuo,mutual / loan
abbracci,brace / embrace / hug
diversivo,distracting / diversionary / distraction
scritti,written
trattenere,to hold / to keep / to restrain / to catch / to withhold / to harness
promosso,promoted (p.p. of promuovere)
patrigno,stepfather
chimico,chemical / chemist
brusio,hubbub / buzz
gallo,Gallic / rooster / cock
controllano,to audit / to check / verify / inspect / examine / to control / dominate
magliette,ring / eye / loop / T-shirt / tee-shirt / vest / undershirt
logico,logical
definitiva,definitive / final
appassionato,enthusiast / involved / earnest
evacuazione,evacuation
cadono,to die / to drop / crash / to fall
svedese,Swedish / Swede / Swedish language
sacrificato,sacrificed / wasted
adottato,adopted / chosen / selected
solletico,tickling / tingling
farina,flour
accampamento,camp / encampment / campsite
sistemata,to accommodate / lodge / put up / fix up
bevete,to drink
temporaneo,stopgap / temporary / provisional / interim / makeshift
ringraziarvi,to thank
adesivo,adhesive / adhesive
cancelliere,chancellor / clerk of the court
bagnata,wet / moist / damp ground or wet ground; wet
medie,average / mean / media
strette,grip / tight (f.)
sani,healthy / sound
orgasmo,excitement / orgasm / climax
ritrovi,to have / to find again / to find / to meet
voltato,to turn / to translate / to turn
orfanotrofio,orphanage
balcone,balcony
laureato,graduated / having a degree / A graduate
sollevare,to raise / lift / put up / rear / stir up / bring up / stand up
mazzo,stock
capello,hair
piovere,rained / (to) rain / (to) to shower
agitata,restless / fidgety / rough [sea] / worried or excited
controllata,controlled / self-controlled / restrained
plotone,peloton / group / platoon
inizieremo,to begin / to join / to incorporate
fregati,to cheat / to pinch / nick or knock off / to polish
grembo,lap / the inner part of something / womb
teme,to beware / to fear
incaricato,in charge / responsible / appointee / representative
ostile,hostile
salsiccia,sausage
presentati,to introduce / to present
diventerò,to become / go / to grow
soffro,to suffer / to be in pain / to stand / to bear / to put up with / to allow
cervelli,brain
superficiale,superficial / A superficial person
esse,ess / es / the letter S/s / they / them
studia,to study
ringraziamo,to thank
spavento,fright / fear / scare / terror
affrontando,to brave or tackle something / to cope with something
barbie,barbel (f. pl.)
cannoni,ace / box pleat / cannon
rapire,To captivate / To kidnap or abduct
adori,To adore or worship
lasciali,leaves / let
gocce,drop / goutte
circolare,circular / circle line / circular
pertanto,so / therefore / thus
perderlo,to lose
sirene,king / monarch
carolina,Carolingian (f.)
svegliarmi,to awaken / to stimulate
identificazione,detection / identification
levi,to except / to raise / put up / lift
preservativi,to preserve / protect / guard / defend
restituito,to relinquish / to restore / bring back to
siede,bottom / butt / seat / buttocks / bum / to sit down / take a seat
sino,thin / fine / till / until / as far as
violentata,to rape / violate / do violence to
conigli,coining / die or stamp
recinto,enclosure / fence or surrounding wall / paddock
ottimista,optimistic / optimist
necessità,necessity / need
liberazione,release / liberation / freeing
perduta,lost
distrugge,To destroy / wipe out or ruin
720p,720p (video resolution)
concorrenza,competition
incirca,about / approximately
messicani,Mexican / A Mexican
camper,campervan / camper
ugualmente,all the same / just the same / anyway / equally
facciamoci,we do / we make
migliorando,to improve / to get better / to improve / to better / to mend
avermelo,to have
respinto,failed / rejected
eccone,here are of them
dateci,you (pl.) give / date
tessuti,woven / tissue / textile / fabric / material / stuff / cloth / weave
rispetta,to observe / obey / comply with / stick to / keep / to respect / honour
indossato,To put on / don or wear
amate,to love
figuriamoci,To appear or figure / To picture something
pentagono,pentagon / The Pentagon
molestie,annoyance / bother / trouble
farfalla,bow tie / butterfly / pasta in the shape of butterflies or bow ties
cucinato,To cook
concedo,to award / bestow / to concede ; to admit / to grant / allow
frequenti,frequent
banconote,banknote
inseguire,To pursue
produce,to cause / produce / to produce / manufacture / make
metafora,metaphor
ormoni,hormone
fianchi,flank
perdona,to forgive / pardon / to forgive / pardon / excuse
scherzetto,trick
emotivamente,emotionally
discarica,landfill / dump / tip
disprezzo,contempt / scorn
tiriamo,to pull / draw / kick / bend / die / to throw / shoot / drag / toss / roll
nanna,beddy-byes / bye-byes
permetterti,to allow / to let / to permit / to authorize / to entitle
confidenza,confidence / intimacy / familiarity
paramedici,paramedical / paramedic
gliele,them to him / them to her
vediamoci,we see / let's see
tenuti,to have / to hold / keep / to take
comandare,to control / operate / to command / give orders / be in charge
spacca,to break / split / to chop / to rend
erezione,erection
buttati,to shape / to turn / to beat in
vedano,to see
ricordavo,to commemorate / to mention / record / to remember / recall / recollect
incastrata,to drive [a nail] / to embed / to engrain
rientro,re-entry / return
magro,thin / poor / slim
spacco,crack / slit / tear
cancella,to cross out / to delete / to rub out
necessari,indispensable / inevitable / necessary
caricato,charged / concentrated / loaded
cellula,cell
allontanatevi,to avert / remove / to move away / pull away / push away
caverai,to take out; to extract
estrazione,drawing / extraction / mining
perle,pearl
luigi,male given name / cognate to Louis
cavalcare,to ride
rinchiusa,to lock up / lock in / to shut up / shut in (f.)
bolle,bill; note / bubble; blister / bull ; seal
spionaggio,espionage / spying
home,home
stregone,sorcerer / witch doctor
ingenuo,naive / ingenuous / candid / naif
scoprisse,to discover / find out / to sight; to spot / to uncover
interpretare,to interpret [all senses] / to perform
iniziali,to begin / to join / to incorporate
elettronica,electronics
esserle,to be
servita,to need / to plate / to serve
libere,free (m.)
schiaffo,rebuff / slap
prepararti,to coach / train / groom / to prepare / make ready / get ready / arrange
baciata,To kiss
soliti,sun
attivare,to activate / to start
pagliaccio,clown
investitori,driver who ran somebody over; driver who knocked somebody down
orecchini,earring
bizzarro,frisky / odd / queer / eccentric / bizarre / weird
dama,draughts / checkers / draughtboard / checkerboard / king
pupazzo,stuffed toy
turco,Turkish / Turk / the Turkish language
corno,a thing made from horn / horn [of an animal] / antler / horn
fieri,cruel / fierce / audacious / disdainful / haughty / proud
abbattuto,despondent / depressed / toppled
necessarie,indispensable / inevitable / necessary
spacciatori,pusher
estrarre,to draw [lots / etc.] / to express / to extract
incazzata,to get someone steamed up
corti,court / courtyard
riportarlo,to carry / to bring again / bring back / take back / carry back
comprendo,to comprise / to include / to understand / comprehend
tabacco,snuff / tobacco
cattolica,Catholic / A small town in the province of Rimini in Emilia-Romagna
camino,fireplace
riuscirei,to be able to / to manage to / to be / to prove / to find
madrid,Madrid / Spanish capital city and province
pollici,chicken
beccata,peck
vaga,vagal / vague / ambiguity (f.)
giorgio,male given name / George
idraulico,hydraulic / plumber / pipefitter / plumbing contractor
procedure,procedure
toni,shade / tone
coraggiosi,courage / bravery / valour / awesomeness
difese,to defend
tic,tic / twitch
fedina,record
formare,to form / create / shape / make / mould
denunciare,to declare / to denounce / to expose
portiera,concierge / caretaker / door / goalkeeper
dormiva,to sleep
sfilata,march / parade
diviso,divided (p.p. of dividere)
sentirà,to hear / feel
formale,ceremonious / cerimonial / formal
prescindere,To leave aside
trasferirsi,reflexive form of trasferire / to move / remove
migliaio,thousands / hundreds / thousand / about a thousand / about one thousand
serviti,servant
pericoli,peril / danger
cece,chickpea [British] / garbanzo [US]
sapro,I will know
capezzoli,nipple
immobile,immovable / immobile / still / motionless / stationary
cartone,A carton / a box / A cartoon / cardboard / paperboard
ricevute,receipt
ottieni,to obtain / to reach / achieve / gain
verifica,verification / test / control / check / inspection / examination
ripulita,to clean something again / to clean up / to gulp down
umiliante,humiliating / shaming / degrading
reni,kidney
durato,to last / to bear / to endure
veglia,An all-night party or other gathering
ironico,ironic / ironical
sviluppare,to develop
biliardo,A thousand trillion / billiards
indipendenza,independence
sparite,to disappear / to vanish / to go away / to fade
definitivamente,definitely / finally / once and for all
comunisti,communist / Communist / Communist
inaugurazione,inauguration / opening / unveiling
intensiva,intensive
guanto,glove
aprirla,to open
tremenda,feminine form of tremendo
tantino,A little / A little
allontanato,to avert / remove / to move away / pull away / push away
boxe,boxing
eccovi,here you are
osa,to dare / venture / to risk / attempt
tifo,enthusiasm; hence fan / typhus
link,link
piantato,planted
straniera,To estrange or alienate
la',there
traguardo,aim / goal / purpose
orrendo,horrible / horrendous / awful / dreadful / ghastly
dorsale,back / dorsal / ridge
sparagli,to shoot / to fire / to shoot / to fire / to discharge / pipe up
aliena,alien
consigliato,to advise / suggest / recommend / counsel
abusi,abuse / misuse / overuse
vulcano,volcano / a small volcanic island in the Tyrrhenian Sea / Vulcan
soffitta,attic
scusarsi,reflexive form of scusare
abile,able / fit / clever / skilful
scoprono,to discover / find out / to sight; to spot / to uncover
portaci,door / brings
ch',that (elided)
iniziò,to begin / to join / to incorporate
aspetteremo,to wait for / await / wait
benefici,benefit / profit / gain
affrontarlo,to brave or tackle something / to cope with something
impiego,employment / job / position / post / situation / use
improvvisa,unexpected / sudden / unforeseen
infinita,infinity / infinitude / infiniteness / infinite number of
ciccio,honey / sugar
assemblea,assembly / meeting / convention / muster
inappropriato,inappropriate / place / inadequate
guasto,broken / out of order / rotten / bad / gone bad / spoilt / damaged / ruined
accettate,to accept / to admit
trattasse,to be about / to deal with / to treat
lasciatela,leaves / let
baciarmi,To kiss
pittore,portrayer / painter
escludere,to exclude / to rule out / to lock out
disturba,to interfere / jam / to disturb / bother / trouble / inconvenience
spugna,sponge
coinquilino,roommate / roommates'
attratto,attracted
alito,breath
tradotto,translated (p.p. of tradurre)
stupisce,To surprise / to amaze / to astonish / to marvel / to flabbergast / to wow
dimora,residence
metterei,to put
vetri,glass
stupidaggine,poppycock / stupidity / foolishness
maturo,ripe / mature
celebrita,celebrity / fame
celia,joke
scoperte,detection / discovery / find
chiare,bright / shiny / clear / clear-cut / vivid
presentarsi,show / turns / present
intendete,to hear / to listen / heed / to mean / intend
testardo,stubborn / obstinate / headstrong / stubborn man / stubborn person
decenni,ten years old
cast,cast
prevedere,to forecast / to foresee / anticipate / to plan
assistenti,assistant / helper
nuvola,cloud / haze / clouds
espulso,expelled (p.p. of espellere)
cavalleria,cavalry / chivalry
distrazione,absentmindedness / distraction / amusement / oversight
saprò,know / (I) will be able to / (I) will know
compenso,fee / remuneration / reward
frequenta,to frequent / to go regularly to / to patronize / to haunt
balletto,ballet / ballet music / dance troupe; corps de ballet
lontanamente,far away / distantly / remotely
ebrea,Hebrew / Jewish / Hebrew / Jew
trasformata,transform
richiedere,involved / expected / asked
cogliere,to grasp / seize / take / to pick / gather
bancomat,ATM
profeta,prophet
vendiamo,to sell
chiudendo,to close / shut
capanna,hut
comprati,purchase
valeria,female given name of Latin origin / equivalent to English Valeria and Valerie
inclusa,enclosed / attached / inclusive / included
sciroppo,syrup
pagherà,to pay
facciale,face / facial
riposi,standing at ease / rest / repose / break / retirement
chiesi,to ask / to request
scrisse,wrote (p.r.)
allergico,allergic
gravità,gravity / heaviness / weightiness / seriousness / graveness / solemnity
apparso,to appear / to look / to grow / to seem
ricordano,to commemorate / to mention / record / to remember / recall / recollect
favolosa,fabulous / wonderful
riporti,amount carried forward / appliqué
comprende,to comprise / to include / to understand / comprehend
pellicola,film / layer / plastic wrap
osato,to dare / venture / to risk / attempt
rivediamo,to backtrack / to overhaul / to return to / go back to
fotta,to dupe / trick / con; to fuck over / to fuck / screw
annunciare,to announce
contenere,hold / minimizing / stores
pochissimo,Very few; not very many / Very little; not very much
parlamento,parliament
muovo,to move
capolavoro,masterpiece
rapinato,To rob
provengono,to come from
dirsi,reflexive form of dire / to call oneself
v',you / there (elided)
solido,solid / reliable / solid / solid
pubblicare,turns / turn
intrappolati,To trap / to entrap / to ensnare
vabbè,okay then / fine (colloquial)
scenario,backdrop / scenery / set
sapessero,to know
velo,veil
ambizione,ambition
banditi,announcement / notice / call / ban / banishment
culla,cradle
finisse,to finish / to end / to finish
compresa,understood (f.)
trattano,to be about / to deal with / to treat
convincerla,to convince / persuade / argue / satisfy
pomodori,tomato
maura,male given name (f.)
spettacoli,show / performance / play / review / sight / view / spectacle
lucido,bright / shiny / lucid / lustre / polish
sabrina,female given name
calmare,to calm / calm down / to relieve / lessen / ease
modesto,modest / unpretentious / plain / unassuming / reserved / humble
teletrasporto,teleportation
popolari,folk / vernacular / of the people / people's / popular / low / cheap
passaporti,passport
sottovoce,In a soft voice; softly; sotto voce / undertone / quiet calm speaking
informare,to inform / tell / report / notify
turbata,upset / troubled
levatevi,to except / to raise / put up / lift
timore,awe / fear / fear / dread / worry / alarm
conquista,attainment / achievement / breakthrough / gain / catch
fanciulla,child
chiodo,hobnail / nail / rivet
noccioline,core / heart / hazel tree / stone / kernel [of a fruit]
sbrigarci,to attend to / see to [a client / etc.]
mentono,to lie
funzionava,to work / to function
tabulati,tabulation / printout
flebo,drip
corrispondono,to correspond
regge,to hold out / to resist / to last / to hold / to keep / to stand up
capitata,to come / to get to / to chance / to end up / to happen
pareva,estimate / judgment / opinion / view / comment / to look / seem / appear
nascondono,To hide or conceal something
stamani,this morning
entrarci,to have to do with
ricordata,to commemorate / to mention / record / to remember / recall / recollect
scattata,To be released; to spring back or click open or shut
disgustosa,disgusting / revolting / repellent
abbandono,desertion / abandonment / withdrawal
serbatoio,cistern / magazine / tank / reservoir
bagaglio,luggage / baggage
borsetta,handbag [British] / purse [US]
giudicato,to judge / to judge
profezia,prophecy
notturna,evening match / evening sporting event
dategli,you (pl.) give / date
foro,foramen / court / forum
supponiamo,to suppose
trascinare,to carry away / sweep away / to drag / pull / trail
sprecando,to squander / to waste
sensazioni,sensation / feeling
dubitare,to doubt / hesitate
formato,mature / fully developed / fully grown / format / size / measure / dimension
insensibile,insensible / insensitive / callous / indifferent / cold
sorride,To smile / to grin
complicate,to complicate
separate,to distinguish / dissociate / to separate / divide / split
ansioso,anxious / apprehensive / eager / anxious person
durerà,to last / to bear / to endure
baltimora,Baltimore
diciassette,seventeen
comprate,to buy
ascoltarlo,to listen
antincendio,anti-incendiary / An anti-incendiary substance
battesimo,baptism / christening
cupola,cupola / dome
devon,to have to / must
raccontando,to tell / to narrate / to recount / to relate
concentrarti,to concentrate / focus / to gather / assemble / bring together / merge
cuscini,cushion / pillow
sanitaria,health / sanitary / bathroom fitting
dividiamo,to divide / to share
darlo,to give
panorama,outline / view / panorama
culi,ass / bottom / buttocks / butt (pl.)
assomigli,To resemble or look like
diventate,to become / go / to grow
discutendo,to argue / to discuss / debate or question
sapresti,you would know
distinguere,to distinguish / discern / discriminate / to mark / indicate
vergogni,to embarrass / to shame
anonimi,anonymous / anonym / anonymous person
ricognizione,reconnaissance
vali,to be worth
sostituito,substituted / beneficiary of a trust
cappelli,hat
abituati,to accustom
analista,analyst / psychoanalyst
copre,to heap / to cover
trovarne,to find
cominciata,to begin / to start / to commence
tornado,tornado
container,container (loanword)
confesso,who has confessed or owned up
meccanismo,mechanism
poliziotta,policewoman / police officer / cop
telecomando,remote control / clicker
guancia,cheek
opportuno,opportune / timely / suitable / fit / appropriate / right
eternita,eternity
scoprira,to discover / find out / to sight; to spot / to uncover
tonno,tuna
urgenza,hurry / urgency
temi,fear / stem / theme / subject
evita,to avoid / to dodge / to ward off
nasa,nose (f.)
valvola,valve / valvule / fuse / valve
ricatto,blackmail
signorino,Young man
pestato,to beat / beat up / bash / rough up / to crush / grind / pound
combattiamo,to fight / to battle / to shrive / to fight / to combat
godere,appreciate / relish / savor
perfette,perfect / perfect tense (f. pl.)
pratico,experienced / skilled / practical / practical person
affar,affair / matter / deal / bargain / business
guardata,to look / watch
mandarti,to drive / to send / forward / dispatch / transmit
steroidi,steroid
concentrarci,to concentrate / focus / to gather / assemble / bring together / merge
vialetto,path / lane
rasoio,razor
vorrete,like
pienamente,fully / completely / absolutely / quite
lavaggio,washing / wash
equipaggiamento,equipment / equipping / fitting out / kitting out
emotiva,emotional woman / emotionalist
frainteso,to misunderstand; to misapprehend
possiedo,to master [a subject / a language / etc.] / to possess / have / own
tentativi,to tempt / to lure / to attract / to entice / to try / to attempt
parlera,will speak
trovasse,to find
visivo,visual
spettatori,bystander / onlooker / witness / spectator
gare,competition / competition; contest; event; race
capii,to understand
divorziare,to divorce / to get divorced / to separate
reggimento,regiment
solitaria,A single-handed achievement
siero,serum / whey
controllarlo,to audit / to check / verify / inspect / examine / to control / dominate
identico,identical
significano,to mean / to signify
incendi,fire / blaze
riguardi,care / respect / connection / regard / respect / regard / consideration
corro,to hurry / rush / to run / to run [a race or a risk]
credevano,to believe / think
ergastolo,a life sentence / the place where a life sentence is served
performance,performance
potenziali,to potentiate / to strengthen / develop / improve / enhance / empower
donare,to donate / to give
preoccuparci,to worry / to trouble / to bother
venezia,The letter V in the Italian phonetic alphabet / Venice
succedeva,to happen / to succeed
navicella,diminutive form of nave: a small ship / gondola / incense boat
rito,rite; ritual
intensa,intense / strong / intensive / busy / concentrated
passerai,to pass / to stop by / to pass something
avanguardia,cutting edge / avant-garde / vanguard / advance guard
sicure,sure / safe (m.)
collegata,to colligate
chiederei,to ask / to request
permettete,to allow / to let / to permit / to authorize / to entitle
coprifuoco,curfew
bretagna,Brittany
marcire,To rot / fester or go bad / To rot
consiste,to consist of / to entail / To hold together; to last; to endure
inventare,to fabricate / make up / to invent
pulisci,to clean / to wipe / to scrub / to wash / to brush / to clear / to dust
spedire,mail / ship / got
sene',go away (elided)
ciotola,bowl
tromba,horn / bugler / trumpet
gomito,elbow
richiami,allure / booster / call
lucia,female given name / cognate to Lucy
rotoli,to rotate around / to turn round
damigella,damsel / mistress
legittimo,legitimate / legal / rightful / legitimate / proper / fair
pelliccia,fur coat / fur / fur
grecia,Greece
dr,Dr.
insiste,to persist in doing something / to insist on something
insulto,insult / abuse / slur / insult
sentii,to hear / feel
negativi,denied / refused / useless / hopeless
raccontarmi,to tell / to narrate / to recount / to relate
patata,potato / potatoes
aprila,you open
ave,hail
trovassi,to find
tentazione,temptation
attraversa,to cross / to go through / to span
grammi,gramme/gram / unit of mass
religioso,religious
autostima,self-esteem
resoconto,account / minutes / report
basata,to base / ground / found
squilla,blast [of a trumpet / etc.] / prostitute / trollop / strumpet / whore
alzatevi,to build / to erect / to lift / to raise / to heave
accusare,To accuse / to reproach / to impeach
soffia,to steal / pinch / to blow / to hiss [cats]
ballando,to dance / to fidget / to totter / wobble / shake
lunghezza,length
supera,to cross / to exceed / to excel / surpass or outdo
inaccettabile,inadmissible / intolerable / incredible / unacceptable
depressa,depressed (f.)
aprilo,you open
ciechi,blind / blind person
binari,binary / rail / railway / railroad / line / track / platform
comodi,comfortable / convenient / handy / loose
prendili,you take
guardatemi,you (pl.) look
strike,strike
motto,motto / maxim / posy / Witty remark
biologia,biology
insegni,to teach / to lecture / to teach
esservi,to be
finanziaria,investment company / finance company
dintorni,round / around / about / round about / outskirts / vicinity / neighbourhood
plasma,plasma
prevede,to forecast / to foresee / anticipate / to plan
sigaro,cigar / cheroot
pancetta,pancetta / paunch
arbitro,arbitrator / referee / umpire
magra,low water / scarcity
britannico,British citizen / Briton / British
giu',down / downstairs / below / low / depressed / weak / below
estivo,summer / summery
rivale,rival / rival
visitato,to examine / to visit
complicazioni,A complication
robaccia,rubbish
lottando,to fight / to struggle
celle,cell
sacca,bag / inlet / pocket
accolta,welcomed (f.)
fuso,cast / melted / worn-out
elettricità,electricity
schiava,slave
avuti,to have
faro',I will do / make
week-end,weekend
operativa,operating / operational / practical / operative / effective
ictus,ictus / stroke
tiralo,to pull / draw / kick / bend / die / to throw / shoot / drag / toss / roll
arrivino,to come / to be placed / to arrive / to come / to reach
subire,to suffer / sustain / experience / receive / to undergo / stand / go through
maratona,marathon / Marathon
comportarmi,to involve / to imply / to entail
padrino,godfather / second / sponsor
parlerai,to speak / talk
difeso,fortified / protected / sheltered
acconsentito,agreed
corta,short (f.)
ereditato,To inherit
fischio,whistle
realta',reality / situation
senatrice,senator / member of the Senate
muoviamo,to move
scoperti,bare / open / uncovered
assente,absent / away / absentee
pannolini,nappy / diaper / sanitary towel / sanitary napkin / pad
sentira,to hear / feel
chiedigli,to ask / to request
baule,case / trunk / trunk or boot
chiesta,to ask / to request (f.)
pagarmi,to pay
pittura,painting
cola,cola
vinceremo,to win / to vanquish
mine,lead in pencils / mine / land mine / mine which produces ore
iran,Iran
dirigente,leading / ruling / managerial / executive / leader
battaglione,battalion
elicotteri,helicopter
inseguito,To pursue
svegliarti,to awaken / to stimulate
incrociato,crossbred / crossed / cross / crossover
citazione,citation / quotation / summons / subpoena
musicisti,musician / musician
svezia,Sweden
giovinezza,youth
pubblicamente,publicly
migliorato,to improve / to get better / to improve / to better / to mend
continente,temperate / mainland / continent
labirinto,labyrinth / labyrinth / maze
traghetto,ferry
cassonetto,rubbish bin / wheelie bin [British] / trash can [US]
accompagna,to accompany / add / match / to go with / come with / accompany / escort
teschio,skull
laboratori,laboratory / lab / workshop / workroom
nottata,A night in its entirety
indagato,under investigation / Man or person under investigation
copro,to heap / to cover
amarmi,to love
esercitazione,exercise / practical
sfidare,to challenge / to defy
allontani,to avert / remove / to move away / pull away / push away
rappresentare,to run / show / to act / play / stage / give
giurisdizione,jurisdiction
pasquale,Easter / paschal / male given name / cognate to Pascal
profondita,depth / depths
basse,low / short (m.)
gentiluomini,gentleman
riprendersi,looking
sgradevole,ugly / evil / unsightly
affamati,To starve
desiderate,To wish / to want / to like / to desire / to long
allergica,allergic
curiosita,curio / curiosity / inquisitiveness
funebre,funeral / funereal / mournful / gloomy
salga,to go up / come up / to ride / mount
facoltà,faculty / power / authority / licence / permission / right / faculty / school
recitazione,acting / recitation
renderebbe,To be profitable / To give back / to return / To make
an,Alleanza Nazionale
speravamo,to hope
guscio,shell
ignoto,unknown / the unknown / unknown person
venirmi,to come
osservato,to observe / keep / to observe / remark / point out / object / notice
convento,convent / monastery
formidabile,fantastic / extraordinary / terrific / impressive / formidable
barbiere,barber
chiarezza,clarity / clearness
intestino,internal / intestine
ingenua,naif
coreano,Korean
calo,fall / drop / loss / decrease
prendervi,to take
casetta,Little house
sfortunato,hapless / unfortunate / unlucky
esemplare,exemplary / model / copy
piste,runway / ski run / ski slope / piste / trail / line
salvarci,to save / guard / safeguard / protect / defend
discesa,descent / slope / fall / drop / downhill
mar,sea
granata,grenade / hand grenade / maroon / member or supporter of Torino FC
sembrata,to seem; to look ; to appear / to sound / taste or feel
centimetro,centimetre
religiosa,religious / nun
sonda,drill / probe / Sunda
prenotazione,reservation / booking / reservations
investimenti,crash / running over / knocking down / investment
montare,to mount / rise / go / to mount / climb / go up / get on to / to edit
misteri,mystery / enigma / secret / puzzle
nostalgia,nostalgia / homesickness / longing
entrava,to enter / to go in
tornasse,to return
marines,Marines (loanword)
dette,said (f. pl.)
stoffa,cloth / material / fabric / stuff / makings
ombrello,shelter / umbrella / gamp
occupazione,occupancy / occupation / activity / job / employment / work / business
domestico,domestic / home / family / household / house servant / domestic
francesca,female given name / equivalent to English Frances
box,garage / lock-up / horsebox / pit
mostrando,to pretend / to show
nodo,bond / tie / crux / knot / gnarl
utero,womb / uterus / metra
astuto,astute / shrewd
comunale,communal / municipal / town
generali,general / general
aiutiamo,to help / assist
meravigliosi,to surprise / to amaze / to astonish
tesori,term of endearment / treasure / valuable things / treasure
pentola,potful / pot / casserole
accompagnarmi,to accompany / add / match / to go with / come with / accompany / escort
costerà,to cost
giura,Jura
avanzato,entered / put forward / advanced
sotterraneo,underground / subterranean / basement / cellar / vault / crypt / dungeons
bloccate,to blockade / to block / block up / block off / to freeze
artu,Arthur
automobile,automobile
facolta,faculty / power / authority / licence / permission / right / faculty / school
grana,grain / cash / trouble
cartolina,postcard
provoca,to arouse / to cause [an incident / etc.] / to provoke
scompare,to pass away / die / to disappear / vanish
paghero,IOU
centri,centre / center / city centre / city center / downtown / core / heart
salgo,(I) mount / (I) come up / (I) rise up
riconosciuta,to admit / to appreciate / to identify
rendera,To be profitable / To give back / to return / To make
argomenti,argument / topic / matter / subject / issue / point
contrabbando,contraband / smuggling
cominciate,to begin / to start / to commence
pensasse,to think
veterani,old hand / veteran
spazzolino,polish off / toothbrush / brush
venticinque,twenty-five / twenty-five
eccole,here they are
aiutaci,to help / assist
assai,very
sanguigno,blood / hot-tempered / ruddy
localizzare,to confine / to locate
silenziosa,silent / voiceless / soundless / quiet / still / mute / noiseless / mum / taciturn
ape,honeybee / bee
portò,to bear / feel / nourish / to bring / fetch / take / carry / to have / bear
daccordo,agreed / all right.. but; granted.. but / to be sure.. but
poverino,"""Poor little boy"""
preferiresti,to prefer
mimi,A pet-form of Domenico / A pet-form of Maria
biasimo,blame / fault
disturbarla,to interfere / jam / to disturb / bother / trouble / inconvenience
tondo,round / circular / circle / tondo
andiate,to go
rimetti,to put again / put back / replace / to remit / forgive / pardon
foglia,(you) leaf / (he/she/it) leafs / (he/she/it/you) foliate
sig.na,Miss (abbreviation of signorina)
troll,troll
coinquilina,roommate
rifiutata,to refuse / to decline / to reject (f.)
corsia,aisle / bus stop / gangway / passageway
competenza,competence / jurisdiction
delinquenti,delinquent / criminal / scoundrel / wretch
onorare,to be a credit to someone / to honour someone
dopodomani,the day after tomorrow
accusando,To accuse / to reproach / to impeach
accendino,lighter
pallido,bleak / pale
organo,organ [all senses]
attirato,to attract / hook
cimice,bedbug / bug
arrendersi,reflexive form of arrendere / to surrender
lasciava,to leave / let
stalla,cowshed / pigsty / stable / stall
documentazione,documentation / material / information / research
intendevi,to hear / to listen / heed / to mean / intend
matita,pencil
olimpiadi,Olympic Games / Olympiad / Olympic Games / Olympics
dicesti,to say / to tell
quadra,square sail / square rigged / square bracket
organismo,organization / body / authority / structure / agency / body / system
addome,abdomen
detenzione,detention / holding / possession
abbandonati,to abandon / walk out on
karate,karate
manovra,fiscal measure / rigging / manoeuvre
scintilla,spark
assicurarti,to assure / guarantee / to ensure / provide / to insure / assure
rivolto,to revolt / disgust / to turn inside out / to turn or turn over again
antidolorifici,analgesic / analgesic / painkiller
occuparci,to employ / find a job / to occupy / take over / squat in
significherebbe,to mean / to signify
ammetti,to admit / accept / acknowledge / to bear / tolerate / brook
cassette,box / case / crate / cassette
giocava,to gamble / bet / to game / to play
truffatore,cheat / swindler / fraudster
tiratore,shot
proprietaria,owner
granchio,crab / mistake
pensarlo,to think
dimostrarlo,to prove / to show / to establish / to demonstrate
promette,to look like / to promise / to threaten
lasciateci,to leave / let
bacia,To kiss
giardiniere,gardener
bibita,drink / beverage / drank
baciarti,To kiss
riprendermi,to revive / to resume / start again / begin again / go back
finocchio,fennel / queer / poof / nancy boy / faggot
bande,band / gang or group / bend
presti,soon / quickly
fuggita,to escape / run away
crederti,to believe / think
microonde,microwave / microwave oven
celibato,celibacy / bachelorhood
avvicinamento,approach
raggiunge,to attain / gain / achieve / to reach / arrive at / get to / touch
possedere,to master [a subject / a language / etc.] / to possess / have / own
riccardo,male given name / equivalent to Richard
viventi,The living
empire,to fill / to overflow
sepolta,buried
maggiordomo,butler / majordomo
nuziale,nuptial / wedding / bridal
mascalzone,rascal / scoundrel / rapscallion
istruttore,instructor / guide's / trainers
premuroso,attentive / thoughtful / considerate / caring
igienica,hygienic / sanitary / health / safe / clean / healthy
dessi,to give
trasferirmi,to convey / transfer / to transfer / move / remove / shift
liberata,to clear / vacate / free
usero,to use something
pc,PC
arrabbiarti,to have rabies; to be rabid
toccate,to touch
congelato,frozen / chilled / iced
scopriranno,to discover / find out / to sight; to spot / to uncover
tornarci,to return
sposiamo,to embrace / espouse / join
sbrighiamoci,to attend to / see to [a client / etc.]
scendiamo,to descend / get off
annunciato,male given name
venere,a beautiful woman / a prostitute / Venus
nasconderlo,To hide or conceal something
mozione,motion
eco,ultrasound / ultrasonography / echo / echoing sound
tipica,typical / classic / local / characteristic / peculiar
dircelo,to say / to tell
esploso,to explode or blow up
mettici,you put
bersagli,target
stanne,they are / they stay (f. pl.)
elezione,election
tatto,tact / touch
vizio,bad habit / error / fault / flaw / defect
cuoca,cook / chef
grigia,dismal / murky / sombre / drab / grey (f.)
ernie,hernia
prenderei,to take
celebrità,celebrity / fame
avvicinatevi,to approach / come up / accost / have to do with
segnalato,to blink / to indicate or be a sign of / to report or point out
internazionali,international
recinzione,enclosure / fence / fencing
biologica,biological / organic
esplosa,to explode or blow up (f.)
salutarti,healthy / wholesome / beneficial
svenire,to faint / pass out
tradizioni,tradition / transfer / delivery / tradition / custom / use / heritage
bacchetta,baton / chopstick / drumstick
sbronza,drunkenness / binge drinking
scoiattolo,squirrel
corrono,to hurry / rush / to run / to run [a race or a risk]
soddisfatta,satisfied / pleased
scatenato,unchained / loose / wild
kappa,kappa
gelatina,gelatine
guardaroba,cloakroom / wardrobe
pompiere,fireman / firefighter / fire brigade / fire department / fire company
unisciti,to join / to unite / to put together
starti,to stay / to be
marinai,sailor / mariner / seaman
oggigiorno,nowadays / these days
maledettamente,a damn sight more / a fuck sight more / a hell of a lot
spezzare,to break / break up / to chop [wood]
combini,to agree / fit / coincide / to do / be up to / to arrange / organize / agree
predica,lecture / talking-to / sermon
godetevi,to enjoy
trascorsi,past / past / past record / past errors
indicare,to indicate / to point out / point to / to recommend / advice / need
spontanea,natural / spontaneous / wild
vivete,lifestyle / living / life / to be
metal,metal
tenta,to tempt / to lure / to attract / to entice / to try / to attempt
fritte,fried / fried food / fry
anteriore,former / previous / prior / earlier / preceding in time
noleggio,hire / hiring / renting / hire / rental / freight
gravita,gravity / heaviness / weightiness / seriousness / graveness / solemnity
mah,well / who knows
congedo,coda / finale / leave
tener,apocopic form of tenere
schifezza,rubbish / junk / crap / slime / hideousness / filthiness
ciambella,any of several other ring-shaped cushions / rubber rings etc
vinta,won (f.)
imbroglione,cheat / swindler
valentine,able / talented / valent
chiedilo,to ask / to request
modificato,modified / souped-up
finali,thin / fine / till / until / as far as
ordinanza,batman / decree / order
brillanti,bright / brilliant / A diamond
anita,male given name (f.)
perdero,to lose
teatrale,theatrical / theatre / theater / stage / drama / acting
discreto,discreet / discrete / low-key
erbe,greens / vegetables
stazioni,station
armonia,harmony
arrestati,to arrest / to apprehend / to collar / to nick
fascia,bandage / belt / fess
eccessivo,excessive
spiando,to gauge / try to judge / to spy on / peep / peek / observe
gialli,yellow / amber / yellow
finanziari,financial
preliminare,preliminary / preliminaries; foreplay
svolgere,to carry out / to develop / to discuss
amichetto,playmate
conservare,hold / continue / stores
dammene,less / lower / worse (f. pl.)
invidio,to envy
avanzi,leftovers / remainder / remnant or scrap
distribuzione,allocation / assignment / arrangement / delivery
salsicce,sausage
omosessuale,homosexual / homosexual
boccone,morsel / nibble / mouthful
volando,to fly / to go quickly
continuerò,to carry on / to continue
buffet,buffet / refreshment bar / sideboard
duemila,two thousand
comportata,to involve / to imply / to entail
trappole,A trap / a snare / a catch
uniformi,unchanging / unvarying / monotonous / uniform / uniform / dress / habit
userò,to use something
unirmi,to join / to unite / to put together
nicola,male given name / equivalent to English Nicholas
sottoterra,underground
macello,mess / slaughterhouse / abattoir / slaughter / massacre
rispondono,[~ a] to correspond to / [~ di] to be responsible for
trasmesso,transmitted (p.p. of trasmettere)
giacomo,Used only in the verb fare giacomo giacomo / James [biblical character]
urina,urine
piacermi,pleased to meet you / delight / favour / kindness
indicato,indicated / suitable / right / advisable / fitting / pointed out / shown
individuato,identified / located / picked out
ricevendo,to receive / pick up / read / to accept
ingegneria,engineering
timida,shy
capiranno,to understand
condotti,conducted (p.p. of condurre)
suonano,to play [an instrument] / to ring / to sound
stento,difficulty / hardship / privation
risveglio,awakening / waking up / reawakening
passavo,to pass / to stop by / to pass something
operandi,operand (pl.)
vivevano,lifestyle / living / life / to be
gioiello,jewel
lamentele,complaint / grumble / stink / complaining / grumbling
accoltellato,To knife or stab
troupe,troupe / company
cotone,cotton
grandissimo,Very large / tall / high / wide / deep / great
adorava,To adore or worship
cassandra,storm petrel
trasmettere,transmits / passed / carried
interiore,inner / inward / internal / interior
rabbino,rabbi
conservato,To preserve / to bottle / to can / to tin / to pot
pratiche,activity / affair / practical woman / knowledge / familiarity
scatto,click / dash / increment
dimostri,to prove / to show / to establish / to demonstrate
credevamo,to believe / think
ditegli,you (pl.) say
cacciata,expulsion
rigido,rigid / rigorous / strict / rigorous / harsh / severe
rame,copper
lamentarti,to lament
manchera,to miss / to be lacking / to be missing / absent
beatrice,female given name / equivalent of English Beatrice
marziali,Marcia
adorabili,adorable / sweet / lovely
soglia,threshold
firenze,Florence / The letter F in the Italian phonetic alphabet
assicuratevi,to assure / guarantee / to ensure / provide / to insure / assure
togliersi,reflexive form of togliere / to get out of the way
commissioni,commission / committee / board / commission / fee / charge / commission
aprendo,to open / to turn on
guardatevi,you (pl.) look
fato,fate / destiny
misericordia,misericord / pity / mercy
sbrighi,to attend to / see to [a client / etc.]
indirizzi,address
nodi,bond / tie / crux / knot / gnarl
aglio,garlic
agitare,excited / shake / wagging
vocale,vocal / vowel
stupratore,rapist
rapine,to crop / to scalp / to shave closely
comprarmi,to buy
ignorante,ignorant / unaware / unknowing
decida,to choose or decide / to decide / make up one's mind
risiamo,To be again / To be back again / To go again
suonando,to play [an instrument] / to ring / to sound
marketing,marketing
spaziali,To range / To space
dinosauri,dinosaur (pl.)
localizzato,confined / localized
puntuale,on time / punctual / scrupulous; precise
trovai,to find
culturale,cultural
sospira,To sigh / To yearn for
discoteca,disco / club / discoteque
speri,Italian surname
scuri,To darken
tassista,driver
vincono,to win / to vanquish
intrappolata,To trap / to entrap / to ensnare
insegnarmi,to teach / to lecture / to teach
ripeterlo,to repeat
televisivo,TV / television
carbonio,carbon
prudenza,prudence / caution / carefulness
puzzolente,smelly / stinking / rank
investigatori,detective / investigator
destinati,to intend or mean
abbracciare,hug / cuddled
cotto,cooked / brickwork
invio,enter / sending / dispatch / delivery
attaccano,to attack / to stick / attach / append
interessava,to be in the interest to / to be the concern of / to matter to
tutore,tutor / guardian / mentor
imprese,To undertake / or embark upon something
giudiziario,legal / judicial
riprendiamo,to revive / to resume / start again / begin again / go back
alleato,allied / ally
pila,basin / battery / pile
conquistato,to attain / get / win / achieve / to conquer / capture
tesa,brim
frecce,arrow / arrow / indicator / blinker / trafficator
commissariato,A police station headed by a commissioner
organizza,to organize / arrange / set up
impulsi,impulse / drive / urge / boost / impulse / pulse / also archaic for momentum
serbo,Serbian / Serb / Serb / reserve
triangolo,triangle
volantini,A leaflet / pamphlet or flier / handout
alfredo,male given name / equivalent to English Alfred
emendamento,amendment / emendation
videogiochi,video game
giulietta,Juliet
vagabondo,idle / wandering / layabout / loafer
antibiotici,antibiotic / antibiotic
risparmia,to save / save up / put by / economize / scrimp / to spare
metterle,to put
infrangere,to break / shatter / smash / to infringe / to violate
cesto,basket
identica,identical (f.)
interpretazione,interpretation / interpretation / performance / rendition
accidentalmente,accidentally / casually / by chance / unintentionally
registratore,recorder
renderà,To be profitable / To give back / to return / To make
penseremo,to think
agisce,To proceed / To affect / To act out
giove,Jove / Jupiter
scenda,to descend / get off
ladra,thief
afferra,to grab / to catch
scadente,Of poor quality / of low quality / cheap / inferior / poor / low / bad
corvo,raven / crow / rook
durera,to last / to bear / to endure
canadese,Canadian
proteggerci,to protect
utilizzato,used / utilized
residui,remaining / residual / remainder
montaggio,assembly / editing / montage
mastro,principal / main / master
affamata,hungry / starving
yankee,Yankee (loanword)
razionale,rational
sportiva,athletic / sportive / sport-loving / active
volano,flywheel / shuttlecock
intuito,instinct / insight / sixth sense / intuition
imprevedibile,unpredictable / unforeseeable
conoscermi,to know [a person or place] / experience / to recognise
bevono,they drink
segnalazione,recommendation / report or announcement / signal
complici,accomplice
atterrato,To land / To floor
astronauta,astronaut / spacewoman / astronaut / spaceman
messaggero,messenger
accadono,to happen
accompagnatore,companion / escort / chaperone / manager [of a sports team] / accompanist
smetto,to stop or cease
incontriamoci,to play / fight
renderla,To be profitable / To give back / to return / To make
corridoi,aisle / corridor / passage
ricordatevi,to commemorate / to mention / record / to remember / recall / recollect
inventario,inventory / list / stock list / review
avra',will have
marziale,martial / male given name / cognate to English Martial
sollevata,to raise / lift / put up / rear / stir up / bring up / stand up (f.)
causata,to cause
allenamenti,coaching / shape / condition / training / practice / workout
flora,flora / female given name / The goddess of flowers / Flora
fidatevi,to have faith [in something or someone]
collegare,to colligate
spietato,fierce / bitter / relentless / merciless / ruthless / pitiless / cruel
presidenza,chairmanship / headmastership / presidency
cavando,to take out; to extract
supereroe,superhero
emergenze,emergence / emergency / phenomenon / finding / act
pronunciare,passed / pass / pronounce
liquore,spirits / liqueur / tincture
esausta,exhausted / worn out / tired / stuffed
regime,regimen / regime / régime
giuda,Judas / traitor / Jude ; Judas
giulia,female given name / cognate to English Julia
aiuteremo,to help / assist
umiliazione,humiliation
cartelli,A shop sign / A sign / a notice / a placard / a signboard
sostenuto,supported (p.p. of sostenere)
prendesse,to take
marchese,marquis
continuavo,to carry on / to continue
mostrerò,to pretend / to show
conoscevano,to know [a person or place] / experience / to recognise
rispose,[~ a] to correspond to / [~ di] to be responsible for
imparerai,to learn
starci,to stay / to be
taglie,reward / size
portar,apocopic form of portare
beva,to drink
punire,to punish
trasformazione,change / alteration / conversion / transformation
spiegami,to explain / elucidate / expound / show / account / understand
concentrata,concentrated / absorbed / attentive / concentrated / condensed
mostrarle,to pretend / to show
tossicologico,toxicological
portali,door / brings
segna,to score / to mark / to indicate / to signal; to say / to read / to give
costringermi,to force / to compel / to constrain / to oblige
caldi,hot / warm (m.)
perderla,to lose
pronuncia,accent / judgment / pronunciation
specialità,peculiarity / speciality / specialty / event / discipline
mattoni,brick
postino,mailman / postman / mail carrier
dirigendo,to address / to conduct / to lead
ginevra,female given name; Guinevere of Arthurian legend / Geneva
parcheggiare,(to) park / parks / let's
chiamala,calls
caratteristiche,characteristic / feature / trait / peculiarity / characteristic
invidia,envy
trattarmi,to be about / to deal with / to treat
filippo,male given name / equivalent to English Philip
statistiche,statistics
efficiente,effective / efficient
separare,to distinguish / dissociate / to separate / divide / split
indovinato,to guess / to predict / foretell
limonata,lemonade
sbornia,drunkenness / binge drinking
modificare,to modify / alter
arrenderti,to surrender
bastato,to be enough
individui,individual / man / person / fellow / guy / bloke / chap
lara,female given name
seguirlo,to follow or pursue
scrittrice,writers / authoress / writer
poverina,"""Poor little thing"""
sequestro,abduction / confiscation / kidnapping
considerati,to consider / to examine / to weight / to contemplate
forzato,artificial / forced / convict
ulteriore,further
ricominciato,to begin again / start again / recommence / resume
mappe,map / chart
riportarla,to carry / to bring again / bring back / take back / carry back
preparativi,prepared / ready / keen / preparation
limitato,limited / scarce
cristiana,a Christian / A female given name equivalent to Christiana
attrezzature,equipment / facilities
scelti,chosen (p.p. of scegliere)
souvenir,souvenir
amaro,digestive / bitter / without sugar
circondati,to lavish / to surround / encircle / enclose
stressante,stressful
avvenuta,happened (f.)
comprando,to buy
formiche,an ant
partorire,to give birth to / to produce
riserve,emergency fuel / reservation / condition / proviso / reserve
risarcimento,compensation
elementari,basic / fundamental / elementary / elementary / easy / simple
rilassarmi,To relax
angoli,angle / corner
domestici,domestic / home / family / household / house servant / domestic
felpa,sweatshirt
intento,intent on / concentrating on / busy at / intention / intent / design
sdraiati,deckchair
schiuma,foam / froth
chimiche,chemical / chemist
tantissimi,Very much; very many (pl.)
arcobaleno,rainbow
matteo,Matthew / the Gospel of Matthew
trattarsi,reflexive form of trattare / to be a matter of / be a question of / to be
trama,plot / weave / texture / weft
ricomincia,to begin again / start again / recommence / resume
scrittori,writer / author
continuerà,to carry on / to continue
ciglio,border / edge / side / gutter / brow
spezza,to break / break up / to chop [wood]
basterà,to be enough
scolastica,scholastic / school / scholastic / educational / education / scholastic (f.)
ei,Esercito Italiano
buffone,clown / buffoon / joker / fool
prue,prow / bow
insegnarti,to teach / to lecture / to teach
serate,evening / night
alimenti,food / nourishment / alimony / maintenance
cerasa,cherry
selezione,selection / choice / picking / dialing / dialling
svegliarsi,to wake up / to awaken / to get up
godendo,to enjoy
accese,to light / ignite / kindle / to turn on [a device]
cappuccio,cowl / hood / cappuccino
dinamite,dynamite
numerosi,number
fingi,To dissemble / To pretend or feign
luminoso,bright / light / luminous
cattolico,Catholic / Catholic
colpe,blame / fault / guilt
vivrai,lifestyle / living / life / to be
accettabile,acceptable
concentrarsi,reflexive form of concentrare / to concentrate
immenso,immense / huge / vast / enormous / boundless
cominciò,to begin / to start / to commence
russe,Russian / Russian / The Russian language
picco,peak / high / peak / summit / peak
simboli,symbol / sign / emblem / icon
affido,to entrust / commit / give / leave
brunch,brunch
diventero,to become / go / to grow
spuntino,snack / blunt / clip
fermera,to close / to stop
sentirei,to hear / feel
ribellione,A rebellion / an insurrection / a revolt
massaggi,massage
budino,pudding
permettetemi,to allow / to let / to permit / to authorize / to entitle
togliamo,to take off / to take out
scia,trail / wake / footsteps / slipstream / wake
vesti,to be dressed / dress / wear / to clothe / to dress
romanzi,Romance / novel / romance
ritenuto,reserved / circumspect / cautious
mangiarlo,to eat
smettete,to stop or cease
darla,to give
bussola,A type of ring-shaped breadstick from Burano / ballot box
piangeva,to cry
frammento,fragment / bit / passage / extract
decollo,takeoff
striscia,comic strip / zebra crossing / pedestrian crossing / crosswalk
sanguinare,to bleed
imperiale,imperial
operatore,cameraman / An operator / An operator
agenzie,agency / bureau / branch office
tornassi,to return
sorridendo,To smile / to grin
binario,binary / rail / railway / railroad / line / track / platform
ruoli,role
lamenta,to lament
muto,mute / voiceless
eccesso,excess / surplus / glut
irlandesi,Irish / female Irish / Irishwoman / Irish / Irishman
lamento,lament / moan / groan
vincitori,winning / victorious / victor / winner
addominali,abdominal / abdominal / abdominal muscle
artigli,art
allontanarsi,to stray / deviate / reflexive form of allontanare
ammalato,ill / sick / suffering / diseased / patient / sick person
reazioni,reaction
abbassate,to lower / to press down on a pedal
simulazione,faking / feigning / simulation
scozzese,Scotch / Scottish / Scots / tartan
condizionale,conditional / conditional clause
onestà,fairness / honesty / virtue / chastity
impostore,impostor / fake
sposate,to embrace / espouse / join
disgraziato,good-for-nothing / poor / wretched / unfortunate / unlucky
rimessa,remittance / put back (f.)
quartieri,quarter / flat / apartment
ricostruzione,reconstruction
pomodoro,tomato
accolto,welcomed (p.p. of accogliere)
fogli,sheet
trafficante,fence / pusher / trafficker
arrabbi,to have rabies; to be rabid
individuare,to detect / to identify / to locate
rotti,broken (p.p. of rompere)
gridando,To squall / to scream or yell / to shout or cry
spaventarti,to frighten / scare / spook
introdotto,introduced (p.p. of introdurre)
provavo,to try on / to rehearse / to feel / experience
matricola,freshman / fresher / number / register
prostituzione,prostitution
piacciano,pleased to meet you / delight / favour / kindness
avanza,to advance / to go forward / to move forward / to proceed
convocato,convened / summoned / A player summoned to play for the national side
lamentarsi,reflexive form of lamentare / to complain
sposarla,to embrace / espouse / join
sportello,windows / doors / position
piccioni,A pigeon; more accurately the rock pigeon / feral pigeon or domestic pigeon
isabella,female given name
cenato,to dine / to have dinner
rima,rima / verses / rhyme
detti,given (m. pl.) / sayings
polonia,Poland
difendersi,reflexive form of difendere / to defend oneself / protect oneself
mancherà,to miss / to be lacking / to be missing / absent
raduno,gathering / meeting / muster
aprirlo,to open
rompi,to annoy / to break / to disturb
proveniente,That comes or originates a specified place
uccisione,a kill or killing / a murder
graziosa,cute / pretty / nice / delightful / graceful
masticare,to chew / to crunch
insulti,insult / abuse / slur / insult
rivelazione,disclosure / revelation
ricorderai,to commemorate / to mention / record / to remember / recall / recollect
interi,complete / full / total / intact / whole / entire
ossessionata,to bother / trouble / to obsess
cerebrali,cerebral / brain
sconvolgente,upsetting / shocking
costata,A large chop of meat / especially beef / T-bone steak
tradisce,to betray / to reveal
scivolare,To slip / slide or skid
canaglia,scoundrel / rogue
promettente,promising
venissero,to come
tango,tango
stressato,stressed / stressed out
amatoriale,amateur / home-made / collector
strambo,strange / queer / odd
esecutivo,executive / executive
rami,copper
distanze,distance / interval
acquisti,purchase / acquisition
atteso,waited / expected
artiglieria,artillery / gunnery
preti,priest / clergyman / minister / pastor
fissata,A woman with a fixation or obsession
pugile,boxer / pugilist
antiche,ancient (f. pl.)
pompe,pomp / pump / blow job
positivi,positive
lavagna,chalkboard / blackboard
mettetelo,puts
suicidi,suicide
fermerà,to close / to stop
discussioni,argument / discussion / quarrel
davano,to give
seguaci,to follow or pursue
furbi,cunning / sly / wily / crafty
aspirina,aspirin
invano,in vain / uselessly
piscio,piss
scoprirà,to discover / find out / to sight; to spot / to uncover
pakistan,Pakistan
covo,den / ken / lair
lieve,light / light / delicate / gentle / mild
sacerdote,priest / clergyman
picchia,to beat / to knock / to thump / to tap / to bang / to insist
rivela,bank / shore
vassoio,tray / platter
attico,Attic / attic / loft / penthouse
lasciassi,to leave / let
modelle,model / fashion model / runway model / mannequin
parassita,parasitic / parasite
continuerai,to carry on / to continue
muscolo,muscle / mussel
inseguimento,pursuit / pursuit / chase / tracking
tornava,to return
interpretato,to interpret [all senses] / to perform
aiutati,to help / assist
rimpianto,sadly missed / regret
minimamente,in the least / at all
ingredienti,ingredient
avversari,rival / opposing / foe / opponent / antagonist / rival / adversary / foe
fatela,you (pl.) do / make
spa,society / association / club / circle
diffuso,diffuse / widespread
spaventi,fright / fear / scare / terror
fedeltà,accuracy / exactness
priva,without / lacking / -less / un- / -free
colpirmi,to affect / to hit / strike
baita,refuge
passerò,to pass / to stop by / to pass something
dadi,A stock cube / A die or dice / nut
prestiti,soon / quickly
controllati,to audit / to check / verify / inspect / examine / to control / dominate
barbone,poodle / vagrant
andassimo,to go
fratture,fracture / break / fracture / split
debbano,to have to / must
giustificare,to account for / to justify
fighi,great / cool (pl.)
aggeggio,gadget / contraption
differenze,difference
paracadute,parachute
abbandona,to abandon / walk out on
sopracciglia,eyebrow
tenetelo,to have / to hold / keep / to take
dimentichiamo,to forget
ade,Hades / Hades
sicario,hitman
ballerino,dancer
piume,feather / plume / [in the plural] down / plumage
obbedire,to obey
mance,tip [in a restaurant / etc.]
richiedono,to ask again / to ask for / demand / apply for / to request / exact / demand
gatta,cat
catastrofe,catastrophe / disaster
biondo,blonde / fair-haired man / fair
include,to enclose / to include
umiliato,to humiliate / to mortify
lavatrice,washer / washing machine
clinton,A red wine from the Veneto
satellitare,satellite
commerciali,to trade / deal
rintracciarlo,To trace / to track down / to run down / to find / to contact
ondata,A wave / A wave / a surge / a snap / a tide
affronta,to brave or tackle something / to cope with something
governare,to feed / to groom / to look after
tombe,tomb
arena,Beach or lido / Bullring and similar sporting spaces / Sand
autorizzata,To give permission; to authorize
salvando,to save / guard / safeguard / protect / defend
concerti,agreement / concert / concerto / concert / recital
culetto,The rounded end of a salami
prof,teacher
talenti,talent / talented person
reattore,jet engine / reactor
immediata,immediate / prompt / direct
saliva,saliva / spittle / spit
nani,dwarfish / dwarf / midget / shorty
conoscesse,to know [a person or place] / experience / to recognise
riferire,to attribute / ascribe / to report / tell / relate
sergio,male given name derived from Latin Sergius
prendano,to take
informati,to inform / tell / report / notify
tasto,fret / fingerboard / key / button / touch / feel
assicurero,to assure / guarantee / to ensure / provide / to insure / assure
guardatelo,look / he looks
limitata,limited / scarce
intruso,intruder / outsider
goccio,drop / spot / dash
salmone,salmon
sorgente,source / spring
importasse,to be important / to matter / to import / heed
lattina,can / tin / small can
costiera,coast / coast road
dignita,dignity
psicologico,psychological
scopriro,to discover / find out / to sight; to spot / to uncover
sfogo,market / outburst / outlet
esausto,exhausted / worn out / tired / stuffed
interamente,entirely / wholly / completely
fiumi,river
sperato,to hope
pensateci,you (pl.) think
drogati,drug / spice
proteine,protein
viscido,slimy / smarmy
bugiardi,lying / false / deceitful / untruthful / liar
genetico,genetic
tela,canvas / cloth / curtain
bevande,beverage / drink
colloqui,talk / conversation / interview / meeting / talks / negotiations
destinata,to intend or mean
dialogo,conversation / dialogue
frego,line / mark
telefonici,telephones
suocera,mother-in-law / law's
esistesse,to exist / be
cadde,to die / to drop / crash / to fall
raccogliendo,to bring together / assemble / to pick / pluck / harvest / reap
minestra,soup / broth
compilare,fill
blocchi,bloc / coalition / blockade / block
bussato,To knock
daresti,to give
minacciata,to threaten / to menace
commovente,touching / moving / affecting
rapitori,kidnapper
'e,and (elided)
preliminari,preliminary / preliminaries; foreplay
suvvia,come on!
pianti,cried / weeping
zampa,a animal's leg / a paw
profonde,deep / profound / deep / deeply / profoundly / depths
tribu,tribe
testi,heads
vivace,keen / hardheaded / lively / vital / bright / vivid
aumentato,to increase / rise / to go up / to put on
guinzaglio,lead / leash / rein / tether
tendenza,leaning / camp / party
crollato,to collapse / cave in or slump
dure,hard (m.)
orizzonte,horizon
completi,complete / absolute / total / complete / entire / full / whole / 2-piece set
yard,yard
sottosopra,upsidedown / topsy-turvy
adottare,to adopt / to choose or select
virtù,power / virtue
fibre,fiber / fibre
cascata,cascade / waterfall
acquistare,got / bought
conoscerci,to know [a person or place] / experience / to recognise
meravigliose,marvellous / wonderful / splendid / glorious
accettiamo,to accept / to admit
locanda,An inn / A simple hotel
polsi,cuff / pulse / wrist
spegnete,to put out / to turn off
illegalmente,illegally / unlawfully
recluta,a recruit / rookie
freezer,freezer
fesso,idiotic / ruptured / cracked / silly
cognata,sister-in-law
venderla,to sell
ricordami,to commemorate / to mention / record / to remember / recall / recollect
minorenne,under age / minor
scavato,to bore / to dig / to excavate
finiranno,to finish / to end / to finish
ritirarsi,to adjourn / retire / reflexive form of ritirare
tronco,broken / incomplete / cut off / mutilated / truncated
acceleratore,accelerating / accelerator
elettricita,electricity
mentalmente,mentally
ballato,to dance / to fidget / to totter / wobble / shake
spettro,spectre / ghost / spectrum
checca,fairy / poof / faggot
miniere,mine
rubi,to steal
potevate,to be able / can
alimentari,foodstuffs / food / grocery / grocery store / grocer's
stallone,stallion
sub,skin-diver / scuba diver
sentirci,to have good hearing
pregando,to pray / to beg / to pray to something
chiarito,to clarify or explain
scenata,row / scene
vaniglia,vanilla
sospesa,suspended (f.)
corriamo,to hurry / rush / to run / to run [a race or a risk]
bevanda,drink / beverage / drank
mannaro,See lupo mannaro
incisione,cut / engraving / incision
volontariamente,voluntarily
infiltrato,infiltrator
radice,A cause / source / A root / A stem
circondata,to lavish / to surround / encircle / enclose
lode,praise
professori,player
alias,alias / alias
pantaloncini,shorts
sederci,bottom / butt / seat / buttocks / bum / to sit down / take a seat
decimo,tenth / tenth / tenth
bisturi,scalpel / bistoury / lancet
concorrenti,competing / concurrent / competitor
dott.ssa,Dr
sovrintendente,superintendent / supervisor
salario,pay / wages / salary
piango,I cry
matrimoniale,double / master / matrimonial / marriage / nuptial / married
diffondere,to give out or diffuse / to spread
organizzata,organized / package
terminare,finish / round / finished
scansione,scansion
vincendo,to win / to vanquish
rilassarsi,to relax / let's
spaventando,to frighten / scare / spook
duchessa,duchess
serra,greenhouse / glasshouse
dispositivi,dispositive / appliance / device / equipment / purview
lontane,far
morirete,to die
posticino,A post having little responsibility; a sinecure
telefonico,telephone / phone
snob,snobbish / snob
reclamo,A complaint / a claim / stink
atomica,feminine form of atomico
lasciarsi,[of a couple] to separate / split up / reflexive form of lasciare
sfuggita,A brief / rapid visit
lavoreremo,To run or operate / To work / To cultivate
napoleone,nap / Napoleon / snifter
dopodiche,after which / whereupon
guidatore,driver
condannati,condemnation / sentence
figure,character / figure / illustration
soia,silk / soya
sedili,branch / seat / see
pento,I repent
schiacciato,flat
gemello,twin
storiella,anecdote / joke
esito,result / outcome / issue / upshot
genero,son-in-law
tirarla,to pull / draw / kick / bend / die / to throw / shoot / drag / toss / roll
diga,dam / dyke / breakwater
ascoltarti,to listen
specchi,mirror / table / chart
lasciò,to leave / let
venduti,corrupt
forchetta,fork
palloncini,balloon
sorvegliare,to supervise or oversee / to watch / keep watch on or watch over
manderanno,to drive / to send / forward / dispatch / transmit
artistico,artistic
parlassi,to speak / talk
strato,stratum / layer / layer / coat / coating / sheet / film / stratus / layer
sistemiamo,to accommodate / lodge / put up / fix up
aiuteranno,to help / assist
chiedessi,to ask / to request
pargolo,young / child
sanguina,to bleed
spiare,to gauge / try to judge / to spy on / peep / peek / observe
penitenziario,penal / penitentiary [US] / prison
tossici,cough
previsioni,expectation / foresight / prediction / forecast
esplosioni,explosion / blast / burst / blow-up / outburst / outbreak
rimpianti,sadly missed / regret
combattente,fighting / combatant / fighter / combatant
scorrere,to pass / to fly / to roll by
riservate,to book / reserve / to intend / reserve / to reserve / keep / set aside
bilancio,assessment / result / outcome / balance / balance sheet / budget / toll
aggiunta,addition / inclusion / extension
freghi,to cheat / to pinch / nick or knock off / to polish
risolveremo,to resolve / to solve
perderò,to lose
pneumatici,inflatable / pneumatic / tyre [British] / tire [US]
diabete,diabetes
gigantesco,gigantic / giant / huge / colossal
universale,universal
liberate,to clear / vacate / free
lina,flax / linen / male given name (f.)
prendetevi,to take
mascella,jaw
draghi,dragon / dragon / expert / whizz
vestire,to be dressed / dress / wear / to clothe / to dress
piselli,pea / pickle / cock
orfani,orphan / orphan
apollo,A man of great beauty / Apollo butterfly / Apollo
sopporta,to bear / sustain / carry / take / withstand
aghi,needle
triplo,triple / trial / treble / threefold
millimetri,millimetre / millimeter
slogan,slogan
eccita,to excite / arouse / to stimulate / stir up
diventeremo,to become / go / to grow
apertamente,openly
cambiarlo,to change / to exchange
rendiamo,To be profitable / To give back / to return / To make
comportano,to involve / to imply / to entail
indossano,To put on / don or wear
aurora,aurora / dawn / sunrise / female given name
poteste,to be able / can
calde,hot / warm (m.)
connesso,connected / associated / linked / related / jointed / joined / linked
live,Performed or recorded live
polmone,lung
console,consul
finanze,finance
feroce,ferocious / fierce / cruel / savage
stagno,watertight / waterproof / pond / water hole / tin / a metallic element
pigro,lazy
malvagi,bad / malicious / wicked / malign
evasione,clearing / dispatching / escape / jailbreak / getaway / breakout
sposti,to change / postpone / to move / shift / displace / budge / get off
penne,feather / penne / pen
raccogli,to bring together / assemble / to pick / pluck / harvest / reap
funzionario,employee / official
morbido,soft / plush
cercavamo,to look for / to try
influenzare,worked / influencing
basti,to be enough
abbondanza,abundance / affluence
rubrica,column or page / notebook / rubric
cambiarti,to change / to exchange
specialita,peculiarity / speciality / specialty / event / discipline
cercheranno,to look for / to try
rimorchiare,to give someone a lift / to pick up someone / to tow
mostrarvi,to pretend / to show
vinciamo,to win / to vanquish
traiettoria,trajectory
motivazione,explanation / reason / grounds / motivation
bikini,bikini
pozione,potion
bontà,goodness / kindness
cruciale,crucial
gradirei,to accept something with pleasure / to want or desire
mangeremo,to eat
caramella,(he/she/it) caramelizes / piece of candy / sweet
confidenziale,confidential / friendly
proporre,to propose / suggest / to put forward
bussa,To knock
chiavetta,A key or a small key
manderemo,to drive / to send / forward / dispatch / transmit
spiccioli,abrupt / brusque / brisk / quick / small change
aprono,they open
societa',society / association / club / circle
indice,index / rate / rating / index / index finger / forefinger / index
risolviamo,to resolve / to solve
poveretto,"""Poor thing"""
consentito,to agree / to assent / to consent / to admit / to allow
attaccando,to attack / to stick / attach / append
musulmani,Muslim / Moslem / Muslim / Moslem
lanci,throw / drop / shot
moriamo,we die
dimesso,humble / modest / unassuming
prototipo,prototype
desolato,barren / bleak / desolate / distressed
volessero,to want
chemio,chemotherapy
tuono,clap/peal/crash of thunder / thunder
ricoperto,covered / coated / plated / Anything coated / such as a lolly / on a stick
facevate,made / kept / left
aiutante,adjutant / assistant / helper
invia,to send / to dispatch / to forward / to ship
informatico,computing ; informatic
cosce,leg / thigh
permessi,permitted / permit (p.p. of permettere)
prevenire,to anticipate / to forestall / to forewarn
fiocchi,bow / ribbon / knot / flake / flake / snowflake
baciati,To kiss
risolve,to resolve / to solve
contribuito,to contribute to / to help
imbecilli,fool / idiot / stupid / moron / imbecile / fool / idiot / clot
ragiona,to discuss / argue / talk / to reason
startene,to stay / to be
scheletro,skeleton / framework / outline
specifica,specification
elettori,voter / elector
nascondo,To hide or conceal something
fuggitivo,fleeing / escaping / fleeting / deserter
cipolle,onion / pocket watch
bottoni,bud / button
continuero,to carry on / to continue
sigari,cigar / cheroot
dogana,custom duty / duty / customs / customs / customs house / custom house
banane,banana / banana / banana
carote,carrot / core / core sample
maniche,gang / pack / sleeve / shirtsleeve / the Channel / the English Channel
accorga,notice (subj.)
cofano,bonnet / hood / coffer / chest
mancante,incomplete / lacking
riuscissimo,to be able to / to manage to / to be / to prove / to find
respirazione,breathing / respiration
riuscirete,to be able to / to manage to / to be / to prove / to find
prendessi,to take
cometa,comet
riformatorio,approved school / borstal / reformatory
pagamenti,payment / pay
scantinato,basement
insegnano,to teach / to lecture / to teach
fotocamera,camera
urlano,To howl / To scream or yell / To squall
fondamentalmente,basically / essentially / fundamentally
trionfo,triumph
tormento,agony / torment
lascerei,to leave / let
frustrante,frustrating
vivremo,lifestyle / living / life / to be
golfo,gulf / The Gulf
comprarti,to buy
manipolare,to manipulate / handle / to rig [an election / etc.] / to work / fashion
passarmi,to pass / to stop by / to pass something
galline,Gauls
dottorato,doctorate
meta',half
capivo,to understand
precauzione,care / prudence / caution / precaution
fateci,you (pl.) do / make
effrazione,breaking / breaking and entering / burglary
colpevolezza,guilt
muta,change / moult / moulting / molt / shedding / ecdysis / pack
cambieranno,to change / to exchange
risparmio,[plural] savings / economies / saving / thrift / economy
caffetteria,cafeteria / coffeehouse
riferivo,to attribute / ascribe / to report / tell / relate
intuizione,intuition
procedi,to proceed / prosecute / to behave / act / to go on / carry on / continue
mettervi,to put
pannello,panel
sovietica,Female citizen of the Soviet Union
aragosta,orange-red / spiny lobster
avviare,To send / to refer / To start / to launch
mantenete,to hold / defend / to keep / stand by / maintain / support / uphold
vago,vagal / vague / ambiguity
furiosa,furious
palcoscenico,stage
cibi,food
design,design
strutture,accommodation
fondato,founded / established / reliable / sound / valid
arrestarlo,to arrest / to apprehend / to collar / to nick
permettono,to allow / to let / to permit / to authorize / to entitle
esterna,external / outer / outside / out / outward / outdoor / away
successi,successes
usarli,to use something
trovino,to find
brodo,broth; clear soup
penelope,medieval spelling of Penelope
matura,ripe / mature
uccidersi,reflexive form of uccidere / to kill oneself / or one another
presuntuoso,cocksure / presumptuous / conceited / self-important
scura,dark / deep / sombre / swarthy / dark / sombre / grim / gloomy (f.)
trovarvi,to find
bidone,drum
clone,clone
asia,Asia / female given name
camminata,style of walking / walk / especially a long one
aspettatemi,to wait for / await / wait
scappo,to escape / to flee / to run away
accompagnata,to accompany / add / match / to go with / come with / accompany / escort
chiamerai,to call
secchi,Abbreviated form of secchione / bin / bucket / pail
columbia,columbium (f.)
marino,sea / marine / nautical / seaside / A town in the Roma province of Lazio
seguiti,to follow or pursue
femminili,female / feminine / womanish / womanly
rappresentano,to run / show / to act / play / stage / give
ecografia,ultrasound / ultrasonography / sonography; echography
esplode,to explode or blow up
andammo,to go
pensavate,to think
accelerare,to accelerate / go faster / to accelerate / speed something up
riposarti,to rest / to have a rest / to take a rest / to sleep / to stand
lavoratore,working / worker / workman
atleti,athlete
proceda,to proceed / prosecute / to behave / act / to go on / carry on / continue
modifiche,adjustment / alteration / modification
tragica,tragic / tragical / tragedy
proveremo,to try on / to rehearse / to feel / experience
crederà,to believe / think
leggende,legend / old wives' tale
omega,omega
uccideremo,to kill
provenienti,That comes or originates a specified place
gattino,kitten
convincerti,to convince / persuade / argue / satisfy
orrenda,horrible / horrendous / awful / dreadful / ghastly
riparato,sheltered
evadere,To escape / to get away / To clear / to dispatch / to deal with
polpette,meatball / rissole
sobria,sober / moderate / unpretentious (f.)
informatica,female computer scientist
avanzare,to advance / to go forward / to move forward / to proceed
lettore,player / reader / scanner / reader / lector
scorciatoia,short cut
ottengo,to obtain / to reach / achieve / gain
tragitto,journey / route / way
innocuo,innocuous / harmless / inoffensive
fotografico,photographic / photograph / photo
compromessi,compromised / A compromise / a settlement / an agreement / An arrangement
regia,direction / direction / production / organization / direction
codardi,cowardly / namby-pamby / spineless / coward / coward
arturo,male given name / equivalent to Arthur
diventasse,to become / go / to grow
dolcetti,petit four
mettiamola,we put
nomina,constitution / assignment / nomination / appointment / election
stupefacente,amazing / drug / narcotic
percepisco,to perceive / notice or understand / to receive
camice,alb / gown / white coat
rivivere,To live again / to come to life again or to be revived
impazziti,To be in full swing / to revel / To curdle or split
videocamere,video camera
ragni,spider
visibile,evident / clear / apparent / viewable / visible
forense,forensic / legal
lavoravano,To run or operate / To work / To cultivate
fattorino,bellboy / porter / delivery boy / errand boy
succhiare,To suck
camerino,dressing room / changing room / fitting room
verificato,to verify / test / check / examine / inspect / survey
fiammiferi,match
consapevolezza,consciousness / awareness
pazze,crazy / insane / madman (f. pl.)
imbarazzato,embarrassed / uncomfortable
brilla,tipsy / drunk
industrie,industry
riuscisse,to be able to / to manage to / to be / to prove / to find
perquisire,To search
uccidete,to kill
mandarla,to drive / to send / forward / dispatch / transmit
ricevete,to receive / pick up / read / to accept
calcolo,computation / calculation / estimate / reckoning / calculus
comportamenti,behaviour / behavior / conduct / ways / actions
w,See under W
voltati,time / occasion
cora,choir / chorus (f.)
magnetica,magnetic
sessanta,sixty
convinzione,conviction
svolto,To turn
insisti,to persist in doing something / to insist on something
soccorsi,help / aid / rescue / succour / assistance / relief / aid
tori,bull / torus / Taurus
quotidiano,daily / everyday / dailies
decina,A group of ten men
nasconderci,To hide or conceal something
esaurimento,exhaustion
zoccola,whore / slut / sewer rat
astinenza,abstinence
marchi,branding iron / brand / trademark / mark / label
assaggiato,to nibble / to taste / try / sample
sposerai,to embrace / espouse / join
testare,To be testate / To test; to sample
ascoltarla,to listen
scusarci,to excuse / forgive / pardon / to excuse / justify
coscia,leg / thigh
arriverai,to come / to be placed / to arrive / to come / to reach
acquistato,to improve / to acquire / to buy or purchase
sentirtelo,to hear / feel
problemino,A small problem
ferirti,to wound / to injure / to hurt
saprete,(you) will hear / (you) will be able to / (you) will know
promemoria,memo / memorandum / reminder
dormivo,to sleep
diventiamo,to become / go / to grow
convince,to convince / persuade / argue / satisfy
pannolino,nappy / diaper / sanitary towel / sanitary napkin / pad
sissignora,See sissignore
incasinata,confused / disordered / muddled
buste,cover / envelope
mettili,you put
vinca,to win / to vanquish
sogna,to dream
gioventù,youth
parassiti,to adorn or deck / to parry / to save
stringi,to reduce / to tighten
statemi,you (pl.) are / stay
notiziari,news
spenta,switched off (f.)
registrando,to adjust / set / to check in / to record / tape / video
finirò,to finish / to end / to finish
tremare,to tremble / shake / shiver
accende,to light / ignite / kindle / to turn on [a device]
affermativo,affirmative
orientamento,direction / orientation / orienteering
ripostiglio,lumber room / box room / utility room / closet
sentendo,hearing
bolla,bill; note / bubble; blister / bull ; seal
parrucchiere,hairdresser
installato,to install / to place / to establish / to install / to put in / to set up
ideali,idea
diverti,to amuse / to entertain
voialtri,you
lecca,To lick
cresci,To grow / increase or expand / To grow something / to cultivate
distruggerlo,To destroy / wipe out or ruin
tornò,to return
giuri,jury
colpirlo,to affect / to hit / strike
rischiando,To risk
mangiati,eats
blues,blues
prelevato,to collect / to pick up / to withdraw
cessate,to abate / to die down / to subside / to stop / to leave off / to cease
causando,to cause
supremo,supreme
sci,skiing
provava,to try on / to rehearse / to feel / experience
riconoscente,grateful
liquori,spirits / liqueur / tincture
fisici,fixedly / intently
scotta,To blanch / scald or parboil / To insult / to irritate / To scorch
superata,outmoded / overtaken
diamogli,we give
vociare,shouting / to brawl / to shout
montana,mountain / mountainous
stereo,stereo / stereophonic / stereophony / stereo
alcolizzato,alcoholic
illuminazione,enlightenment / inspiration / nirvana / lighting / illumination / light
impotente,impotent / powerless / unable / impotent / impotent man
rientrato,to go back in / to reenter
portiamolo,to bear / feel / nourish / to bring / fetch / take / carry / to have / bear
ottanta,eighty
quinte,quinte / fifth / fifth gear
macchiato,spotted / stained
approfittare,To take advantage
eduardo,male given name / a variant of Edoardo / the Italian form of Edward
camicie,A shirt / a dress shirt
botto,crack
prestarmi,to lend / to pay / to give
indistinto,indistinct / vague / blurred
avercela,to be annoyed / to be offended or hurt
odino,Odin
vestirmi,to be dressed / dress / wear / to clothe / to dress
veder,to see (apocopated)
crepa,crack / crevice / leak
lasciarvi,to leave / let
divisi,god / star
fregatura,rip-off
dotato,endowed / equipped / hung Having a large penis
bussano,To knock
piantare,to hammer / drive / stick into / to jilt / to plant / sow
severo,strongest / strong / tough
novellino,beginner / greenhorn / newbie / newcomer
volontariato,volunteering
costosi,cost
protegga,to protect
riguardava,to concern / regard / be about / deal with / to examine / check / go over
dolorosa,distressing / painful
sbarazzarsi,reflexive form of sbarazzare / to get rid of
giocate,to gamble / bet / to game / to play
riusciranno,to be able to / to manage to / to be / to prove / to find
dimentichero,to forget
balia,power / mercy / wet nurse
manifestazione,demonstration / event / expression
filmare,to film / shoot
decisa,decided (f.)
stimato,to consider / to think / to regard / to judge
disarmato,disarmed / helpless / defenceless / unarmed
vetrina,store window / shop window
tagliati,reward / size
miglioramento,paid
cautela,caution / care / precaution
beta,beet / beta / beta
portavoce,spokesperson; spokesman {m} or spokeswoman {f}
incosciente,irresponsible reckless / foolhardy / mad / unconscious
offrirvi,to offer / treat
riceviamo,to receive / pick up / read / to accept
vigile,policeman / traffic cop / traffic warden
luisa,Louise / Louisa
attratta,to tempt / appeal / to attract
paghera,to pay
dilettante,amateur / amateur / dilettante
oscuri,dark / gloomy / sombre / humble
benedetta,female given name / feminine form of Benedetto / equivalent to English Benedicta
inaspettato,unexpected / sudden / unforeseen
pazzoide,crazy / whacky; madcap / madcap / nutcase
polizza,bill / voucher / policy
pappagallo,a person repeating others' words and phrases in a unpleasant way
oltrepassato,crossed / exceeded
decorazioni,decoration / trimming
cappuccino,cappuccino
volermi,to want
vertigini,dizziness / giddiness / vertigo / revolution
tendono,to tend / to crane [the neck] / to stretch
fornisce,To equip / To supply / to provide / to furnish / to give / to yield
diarrea,diarrhea / diarrhoea
terreni,earthly / worldly / terrene / terrestrial / ground / field / ground
direte,to say / to tell
gettate,to launch / to shower / to sling
ernesto,male given name / cognate to Ernest
avvelenamento,poisoning
impressionato,impressed / shocked / upset / exposed
qualificato,qualified / skilled
fondatore,founder
presunto,presumed / supposed / A person who is assumed to have done something
rapitore,kidnapper
giurati,Jura
casalinga,housewife
affittare,to rent out / rent out / rented
richiama,to attract / draw / call / to berate / to call again / call back / recall
portafortuna,lucky / lucky charm / amulet / lucky mascot
pi,pi
prigioni,imprisonment / incarceration / detention / jail / prison
tradendo,to betray / to reveal
spaccare,to break / split / to chop / to rend
termosifone,radiator / heater / convector heater
incompleto,incomplete / unfinished / partial
coltura,culture
laurearsi,graduates / graduating
di recente,recently
a meno che,unless
zona pedonale,pedestrian zone / pedestrian area / pedestrian precinct
complessivo,overall / total / aggregate
tuffarsi,dive / diving
avvenimento,events / event
prendere una decisione,make a decision
in qualsiasi momento,at any time
applaudire,clap / clapping / applauded
pertinente,relevant / pertinent / appropriate
bibliotecaria,librarian / library assistant / library worker
enciclopedia,encyclopedia
bibliotecario,librarian / library assistant / library worker
classificare,types / classify / grade
digitare,to press/type/enter
ubbidire,obey / comply / follow
apparecchiare,(to) prepare
dopo cena,after dinner
così che,so that
oltre a,besides
fare il bagno,to take a bath / to bathe / to swim
consentire,to consent / to agree / to allow
esportare,to send out / to carry out / to export
playlist,playlist
monotono,monotonous / dull / boring
svago,leisure / pastime / entertainment
narrativa,fiction
impegnare,devotes / commits / engages
poco chiaro,unclear / not clear / vague
all'indietro,backwards
appena possibile,as soon as possible
iscriversi,join / apply / joined
tirare fuori,throws / got / brought
all'aperto,outdoors
riscaldare,reheat / heats / (to) heat
sbocciare,bloom / opened / flower
informalmente,informally
riguardare,involved / go / interested
accorgersi,to notice / to realize / to become aware
cambiare idea,came
persuadere,winning / won / wins
laptop,laptop
smartphone,phone's / smartphones / smartphone
dimettersi,to resign / to give up a position / to step down
ogni volta che,whenever
fare trekking,to go trekking / to hike / to trek
alpi,Alps
traduttore,translator / interpreter / translation device
parco nazionale,national park
aggiuntivo,additional / extra / supplementary
mar mediterraneo,Mediterranean Sea
esploratore,adventurer / scout / pathfinder
fare parte di,be part of
pessimista,pessimist / pessimistic
silenziosamente,silently
approssimare,to approximate / to estimate / to approach
all'estero,abroad
sabbioso,sandy
rimpiangere,regret
creatività,creativity
parco giochi,playground
sentire dire,to hear / to be told / to hear said
centro storico,historic center / old town / historic district
musica dal vivo,live music / live performance / live band
strada principale,main street / main road / principal street
kilo,kilo
bancarella,stall / kiosks
dare un'occhiata a,to take a look at / to have a look at / to glance at
ci sono state,there have been
ci sono stati,have been
grazie a,Thanks / thanks
guarisco,heal
come la posso aiutare,how can I help you / I help / How can I help you
avere bisogno,needs
data di nascita,date of birth
tessera sanitaria,health card
pastiglia,pill
discutere di,talk
un giorno sì e uno no,every other day
anche se,though / even though / although
videochiamata,video call
andare da,visits / visited
fatto a mano,handmade
accessorio,accessory / secondary
tenere in mano,hold
di seconda mano,second-hand
mercato delle pulci,flea market
nessun problema,no problem
al più presto possibile,as soon as possible
è l'una,it's one
pandemia,pandemic
c'è stata,there has been / there was / there has occurred
c'è stato,there has been / there was / there has occurred
podcast,podcast
da casa,from home
pattino,skate / (I) skate / skied
pallanuoto,water polo
ciclismo,cycling
introverso,introverted
estroverso,extroverted
da piccolo,(since) I was little
luna di miele,honeymoon
lenticchia,lentil
bagnoschiuma,body wash
film d'azione,action movie
origano,oregano
spezia,spice / condiment / seasoning
mescolare,mix / blending / stir
tiramisù,tiramisu
opera d'arte,work of art / artwork / art piece
bisnonni,great-grandparent
un giorno,one day
bisnonna,great-grandmother
in particolare,in particular
prezzemolo,parsley
cozza,mussel / shellfish / bivalve
brasiliano,Brazilian
fare delle compere,doing / do
pandoro,golden bread / Pandoro
Babbo natale,Santa Claus
preferire,(to) like better / go / prefer
da adolescente,as a teenager / As a teenager
metropoli,metropolis
tailandese,thai
mezzo di trasporto,means of transport / means of transportation
nuvoloso,cloudy / overcast
sudamericano,South American
postina,postwoman
colorare,to color / colored / colors
da bambino,as a child
cotoletta,cutlet / Cutlet
kilometro,kilometers
bed and breakfast,bed and breakfast
sogni d'oro,sweet dreams
addormentarsi,go / went / going
biglietteria,ticket booth / box office / ticket office
andare su,fits / fit
andare giù,go / got / gone
cambiare in,exchange into / exchanging into
sessantuno,Sixty-one / sixty-one
consigliare,recommend / we'd / advising
cliccare,click
connettersi,connect / Connect
faceva freddo,was cold
c'era il sole,the sun was shining / it was sunny / there was sunshine
faceva caldo,it was hot / it was warm / the weather was hot
cambiarsi,change / changed
faceva brutto tempo,the weather was bad / it was bad weather / the weather was unpleasant
faceva bel tempo,the weather was nice / it was nice weather / the weather was good
tiepido,lukewarm
mal di gola,sore throat
termometro,thermometer
mal di denti,toothache
ammalarsi,get sick
mal di pancia,stomachache
mal di testa,headache
basilico,basil
peperone,pepper
mozzarella,mozzarella
risotto,risotto
focaccia,focaccia
fare la spesa,to go grocery shopping
per niente,at all
avere fortuna,to be lucky / to have luck / to be fortunate
tirchio,stingy
ogni tanto,every now and then
cioccolatino,chocolate
fast food,fast food
trattoria,trattoria
come mai,how come
albanese,Albanian
duemilaventuno,two thousand twenty-one
operaia,worker
cinquantotto,fifty-eight
come sta,how is
Epifania,Epiphany
fuochi d'artificio,fireworks
all'anno,a year
panettone,panettone
presepe,nativity scene
cinquantadue,52
meno un quarto,a quarter to
cinquantuno,fifty-one
in anticipo,early
cos'è successo,what happened / what has happened / what is happening
c'erano,there were / there was / they were
c'era,there was / there were
prescrivere,to prescribe / to order / to lay down
dito del piede,toe / digit of the foot
fare male,smarter / hurt / hurts
qualcos'altro,something else
esercitarsi,trains / train / exercise
per esempio,for example
mi piacerebbe,I would like
sono le,it's
check-in,check-in
che ore sono,what time is it
carta igienica,toilet paper
argentato,silvered
crema solare,sunscreen
in bocca al lupo,good luck
avere ragione,to be right / to be correct / to have reason
prendere in prestito,get / got
gioco da tavolo,board game / tabletop game / table game
non lo so,I do not know
stazione di polizia,station
stare attento,attentive
cos'altro,what else
che ne pensi,do you think
siena,Siena
acquedotto,aqueduct
toscano,Tuscan
aspro,tough / sharp / pungent
mandorla,almond / almonds
granita,granita / slushy
pistacchio,pistachio
all'improvviso,suddenly
l'altroieri,the day before yesterday
per beneficenza,charity / for charity
lussuoso,luxurious / fanciest
influencer,influencer / influencers / influencers'
duemilauno,two thousand one / two thousand and one / 2001
calamaro,squid / calamari
di chi,whose
cos'è,what is / what’s
mi sono persa,got lost
mi sono perso,got lost / I'm lost
cucchiaino,teaspoon
nessuna di,None
melanzana,eggplant
vegano,vegan
a dieta,on a diet
nessuno di,none of
gambero,prawn
secondo me,in my opinion
che schifo,how disgusting
fornello,bowl / cooker
bidè,bidet
pantofola,slipper / house shoe / indoor shoe
per terra,on the floor
canottiera,tank top / vest
a domani,see you tomorrow
e un quarto,fifteen
e mezzo,thirty
truccarsi,to put on makeup / to make up / to apply makeup
badminton,badminton
di più,more
di meno,less
un sacco di,a lot of
ci saranno,there will be / will be / there are going to be
ci sarà,will be
ministra,minister / female minister / prime minister
sindaca,Mayor / mayor
borsa di studio,scholarship / grant / fellowship
diplomi,diploma
che cosa,what
tazzina,cup
condizionatore,air conditioner
piantina,planes / maps / plans
scatolina,box
ciotolina,bowl
piattino,saucer
non ci posso credere,I can't believe it / I can't believe
cin cin,cheers
quarantotto,forty-eight
vicino a,next / near / besides
pettinarsi,let's
lavano,they wash / wash / they wash away
svegliano,call / they wake / wake
svegliamo,call / wake
phon,hairdryer
laviamo,we clean / we clean up / wash
lavate,wash / you wash / do you wash
svegliate,call / wake
annaffiare,to water / wash / water
in forma,in shape
istruttrice,instructor
grigliare,grilling / let's
quarantadue,42
nazionalità,nationality
quarantuno,forty-one
trentaquattro,thirty-four
trentotto,thirty-eight
in vendita,for sale
trentatré,thirty-three
da sole,on their own
maltese,Maltese
da soli,by ourselves
stazione degli autobus,bus station / station
trentadue,thirty-two
bomboniera,favor
trentuno,thirty-one
ci piace,we like
ci piacciono,we like
macchina fotografica,camera
ventotto,twenty-eight
le piacciono,she likes
le piace,she likes
ventitré,twenty-three
gli piacciono,he likes / they like
gli piace,he likes / they like
vi piacciono,do you like
vi piace,you like / do you like
ventuno,twenty-one
scolpire,sculpting / sculpt
tempo libero,free time
scolpisco,sculpt
austriaco,Austrian
in campeggio,camping
a dopo,see you later
tunisino,Tunisian
credo di no,I don't believe so
cartone animato,cartoon
credo di sì,I think so
non importa,it doesn't matter
per me,for me
sono d'accordo,I agree / I am in agreement / I concur
fare il bucato,wash
sandalo,sandal
camera da letto,bedroom
disordinato,untidy / messy / chaotic
non si preoccupi,Do not worry / do not worry
mi fanno male,hurt
mi fa male,hurts
pronto soccorso,emergency room
muscoloso,muscular
di che colore,What color
castano,chestnut / brown
del mattino,in the morning
di sera,in the evening
di pomeriggio,in the afternoon
ci vediamo,see you
mi chiamo,my name is / i am called / my name's
si chiama,is called
ingegnera,engineer
di nuovo,again
rotondo,rotund / smooth / chubby
portachiavi,keychain
buon divertimento,have fun
fa brutto tempo,the weather is bad
in orario,on time
da sola,by myself
da solo,alone
tovaglia,tablecloth
che tipo di,what kind of
buon viaggio,good trip
che bello,how nice
fare le valigie,pack
spumante,sparkling wine / spumante / champagne
al mese,a month
alla settimana,a week
al giorno,a day
non ricordo,remember
numero di telefono,phone number / telephone number / contact number
di mattina,in the morning
davanti a,before / opposite / facing
andare a letto,going to bed
templi,temple
sporcare,littering / dirty / dirtiest
friggere,to fry / to deep-fry / to sauté
filippino,Filipino
sono in pausa,am on break / are on break
in ferie,on vacation
di fronte a,opposite / before
grazie mille,thank you very much
d'accordo,okay
per fortuna,fortunately
a piedi,on foot
marocchino,Moroccan
pittrice,paintress / (female) painter / painter
suoceri,parent-in-law
vi presento,present
ti presento,introduce
per piacere,please
francobollo,(postage) stamp
collezionare,collecting
grazie comunque,thanks anyway
ho sonno,I am sleepy / I am tired / I'm sleepy
qua vicino,nearby
ho sete,I'm thirsty / I am thirsty
qui vicino,nearby
ho fame,I'm hungry / I am hungry / am hungry
non puoi,cannot / can't
non vi preoccupate,worry yourselves
tutto il giorno,all day long
in ritardo,late
decorazione,ornaments / cake decoration / piping
telefonare a,telephones / call / ring
qualcosa di,something
ping-pong,table tennis
non può,cannot / can't
stare male,to feel unwell / to be ill / to feel sick
anch'io,I also
non posso,cannot / can't
occhiali da sole,sunglasses
costume da bagno,bathing suit
carne di maiale,pork
fermata dell'autobus,bus stop
a che ora,what time
in corridoio,in the corridor / in the hallway / in the passageway
in soggiorno,in the living room
in cucina,in the kitchen
ti piacciono,do you like / you like
mi piacciono,I like
ti piace,do you like / you like
mi piace,I like
fa bel tempo,the weather is nice
nevicare,(to) snow / snow
in agosto,in August
in aprile,in April / during April / in the month of April
c'è il sole,the sun is shining / it is sunny / there is sunshine
fa caldo,it's hot
fa freddo,it's cold
di dove,where
di dov'è,where is from / from where is / of where is
siciliano,Sicilian
un po' di,a little
fare shopping,to go shopping
a volte,sometimes
fare karaoke,do
andare in bicicletta,ride a bicycle
fine settimana,weekend
fare giardinaggio,gardening
fare sport,play sports / do sports
in centro,downtown
agenzia di viaggi,travel agency
per affari,for business
ho paura,am afraid / I'm scared
di notte,at night
non vedo l'ora di,I can't wait to / I look forward to / I'm eager to
ostello,hostel
all'una,at one / at 1 o'clock / at one o'clock
vicino alla,next to the
Duomo,cathedral
vicino al,next to the / near the
non trovo,I can't find / I cannot find
adorare,love
ha bisogno di,needs / you need
a sinistra,to the left
a destra,to the right
capa,boss
animale domestico,pets / pet
come si chiama,what's your name / what's her name / what's his name
com'è,how is / how's / what is
in contanti,in cash
con la carta di credito,with the credit card
un'altra,another / one more / one other
un altro,another
in offerta,on sale
quanto costano,how much are
quanto costa,how much is
sinagoga,synagogue / synagogue's
guardare la televisione,view / views
fare yoga,do
football americano,American football
stanno bene,they are well
un po',a little
come state,how are you
non ti preoccupare,don't worry
come stai,how are you
di solito,usually
a casa,at home
tutti i giorni,every day
come ti chiami,what's your name
compagna di classe,classmate
compagno di classe,classmate
buon compleanno,happy birthday
dove sono,Where are
sta piovendo,is raining
centro commerciale,shopping mall / shopping center / malls
fagiolo,bean
polpetta,meatball / meatballs
mi dispiace,sorry
va bene,OK
dov'è,where is / where's
ci sono,there are / are there
mirtillo,blueberry
pera,pear
pompelmo,grapefruit / grapefruits
hai bisogno di,you need
ho bisogno di,need / I need
panificio,bakery / baker's
gelateria,ice-cream shop / ice cream parlor / parlor
c'è,there is / there’s / there was
e tu,and you
è di,is from
sei di,you were born in / you are from
sono di,am from
a presto,See you soon / see you soon
come va,how's it going
io sono,I'm
cornetto,croissant
per favore,please
